,Mean,Mean,Mean,Std Dev,Std Dev,Std Dev,Mean,Mean,Mean,Std Dev,Std Dev,Std Dev,C:\Users\spsagehr\OneDrive - Liverpool John Moores University\Sports biomech\portfolio\TreadmillData\condition_3\Running trial 1.c3d,C:\Users\spsagehr\OneDrive - Liverpool John Moores University\Sports biomech\portfolio\TreadmillData\condition_3\Running trial 1.c3d,C:\Users\spsagehr\OneDrive - Liverpool John Moores University\Sports biomech\portfolio\TreadmillData\condition_3\Running trial 1.c3d,C:\Users\spsagehr\OneDrive - Liverpool John Moores University\Sports biomech\portfolio\TreadmillData\condition_3\Running trial 1.c3d,C:\Users\spsagehr\OneDrive - Liverpool John Moores University\Sports biomech\portfolio\TreadmillData\condition_3\Running trial 1.c3d,C:\Users\spsagehr\OneDrive - Liverpool John Moores University\Sports biomech\portfolio\TreadmillData\condition_3\Running trial 1.c3d,C:\Users\spsagehr\OneDrive - Liverpool John Moores University\Sports biomech\portfolio\TreadmillData\condition_3\Running trial 1.c3d,C:\Users\spsagehr\OneDrive - Liverpool John Moores University\Sports biomech\portfolio\TreadmillData\condition_3\Running trial 1.c3d,C:\Users\spsagehr\OneDrive - Liverpool John Moores University\Sports biomech\portfolio\TreadmillData\condition_3\Running trial 1.c3d,C:\Users\spsagehr\OneDrive - Liverpool John Moores University\Sports biomech\portfolio\TreadmillData\condition_3\Running trial 1.c3d,C:\Users\spsagehr\OneDrive - Liverpool John Moores University\Sports biomech\portfolio\TreadmillData\condition_3\Running trial 1.c3d,C:\Users\spsagehr\OneDrive - Liverpool John Moores University\Sports biomech\portfolio\TreadmillData\condition_3\Running trial 1.c3d,C:\Users\spsagehr\OneDrive - Liverpool John Moores University\Sports biomech\portfolio\TreadmillData\condition_3\Running trial 1.c3d,C:\Users\spsagehr\OneDrive - Liverpool John Moores University\Sports biomech\portfolio\TreadmillData\condition_3\Running trial 1.c3d,C:\Users\spsagehr\OneDrive - Liverpool John Moores University\Sports biomech\portfolio\TreadmillData\condition_3\Running trial 1.c3d,C:\Users\spsagehr\OneDrive - Liverpool John Moores University\Sports biomech\portfolio\TreadmillData\condition_3\Running trial 1.c3d,C:\Users\spsagehr\OneDrive - Liverpool John Moores University\Sports biomech\portfolio\TreadmillData\condition_3\Running trial 1.c3d,C:\Users\spsagehr\OneDrive - Liverpool John Moores University\Sports biomech\portfolio\TreadmillData\condition_3\Running trial 1.c3d,C:\Users\spsagehr\OneDrive - Liverpool John Moores University\Sports biomech\portfolio\TreadmillData\condition_3\Running trial 1.c3d,C:\Users\spsagehr\OneDrive - Liverpool John Moores University\Sports biomech\portfolio\TreadmillData\condition_3\Running trial 1.c3d,C:\Users\spsagehr\OneDrive - Liverpool John Moores University\Sports biomech\portfolio\TreadmillData\condition_3\Running trial 1.c3d,C:\Users\spsagehr\OneDrive - Liverpool John Moores University\Sports biomech\portfolio\TreadmillData\condition_3\Running trial 1.c3d,C:\Users\spsagehr\OneDrive - Liverpool John Moores University\Sports biomech\portfolio\TreadmillData\condition_3\Running trial 1.c3d,C:\Users\spsagehr\OneDrive - Liverpool John Moores University\Sports biomech\portfolio\TreadmillData\condition_3\Running trial 1.c3d,C:\Users\spsagehr\OneDrive - Liverpool John Moores University\Sports biomech\portfolio\TreadmillData\condition_3\Running trial 1.c3d,C:\Users\spsagehr\OneDrive - Liverpool John Moores University\Sports biomech\portfolio\TreadmillData\condition_3\Running trial 1.c3d,C:\Users\spsagehr\OneDrive - Liverpool John Moores University\Sports biomech\portfolio\TreadmillData\condition_3\Running trial 1.c3d,C:\Users\spsagehr\OneDrive - Liverpool John Moores University\Sports biomech\portfolio\TreadmillData\condition_3\Running trial 1.c3d,C:\Users\spsagehr\OneDrive - Liverpool John Moores University\Sports biomech\portfolio\TreadmillData\condition_3\Running trial 1.c3d,C:\Users\spsagehr\OneDrive - Liverpool John Moores University\Sports biomech\portfolio\TreadmillData\condition_3\Running trial 1.c3d,C:\Users\spsagehr\OneDrive - Liverpool John Moores University\Sports biomech\portfolio\TreadmillData\condition_3\Running trial 1.c3d,C:\Users\spsagehr\OneDrive - Liverpool John Moores University\Sports biomech\portfolio\TreadmillData\condition_3\Running trial 1.c3d,C:\Users\spsagehr\OneDrive - Liverpool John Moores University\Sports biomech\portfolio\TreadmillData\condition_3\Running trial 1.c3d,C:\Users\spsagehr\OneDrive - Liverpool John Moores University\Sports biomech\portfolio\TreadmillData\condition_3\Running trial 1.c3d,C:\Users\spsagehr\OneDrive - Liverpool John Moores University\Sports biomech\portfolio\TreadmillData\condition_3\Running trial 1.c3d,C:\Users\spsagehr\OneDrive - Liverpool John Moores University\Sports biomech\portfolio\TreadmillData\condition_3\Running trial 1.c3d,C:\Users\spsagehr\OneDrive - Liverpool John Moores University\Sports biomech\portfolio\TreadmillData\condition_3\Running trial 1.c3d,C:\Users\spsagehr\OneDrive - Liverpool John Moores University\Sports biomech\portfolio\TreadmillData\condition_3\Running trial 1.c3d,C:\Users\spsagehr\OneDrive - Liverpool John Moores University\Sports biomech\portfolio\TreadmillData\condition_3\Running trial 1.c3d,C:\Users\spsagehr\OneDrive - Liverpool John Moores University\Sports biomech\portfolio\TreadmillData\condition_3\Running trial 1.c3d,C:\Users\spsagehr\OneDrive - Liverpool John Moores University\Sports biomech\portfolio\TreadmillData\condition_3\Running trial 1.c3d,C:\Users\spsagehr\OneDrive - Liverpool John Moores University\Sports biomech\portfolio\TreadmillData\condition_3\Running trial 1.c3d,C:\Users\spsagehr\OneDrive - Liverpool John Moores University\Sports biomech\portfolio\TreadmillData\condition_3\Running trial 1.c3d,C:\Users\spsagehr\OneDrive - Liverpool John Moores University\Sports biomech\portfolio\TreadmillData\condition_3\Running trial 1.c3d,C:\Users\spsagehr\OneDrive - Liverpool John Moores University\Sports biomech\portfolio\TreadmillData\condition_3\Running trial 1.c3d,C:\Users\spsagehr\OneDrive - Liverpool John Moores University\Sports biomech\portfolio\TreadmillData\condition_3\Running trial 1.c3d,C:\Users\spsagehr\OneDrive - Liverpool John Moores University\Sports biomech\portfolio\TreadmillData\condition_3\Running trial 1.c3d,C:\Users\spsagehr\OneDrive - Liverpool John Moores University\Sports biomech\portfolio\TreadmillData\condition_3\Running trial 1.c3d,C:\Users\spsagehr\OneDrive - Liverpool John Moores University\Sports biomech\portfolio\TreadmillData\condition_3\Running trial 1.c3d,C:\Users\spsagehr\OneDrive - Liverpool John Moores University\Sports biomech\portfolio\TreadmillData\condition_3\Running trial 1.c3d,C:\Users\spsagehr\OneDrive - Liverpool John Moores University\Sports biomech\portfolio\TreadmillData\condition_3\Running trial 1.c3d,C:\Users\spsagehr\OneDrive - Liverpool John Moores University\Sports biomech\portfolio\TreadmillData\condition_3\Running trial 1.c3d,C:\Users\spsagehr\OneDrive - Liverpool John Moores University\Sports biomech\portfolio\TreadmillData\condition_3\Running trial 1.c3d,C:\Users\spsagehr\OneDrive - Liverpool John Moores University\Sports biomech\portfolio\TreadmillData\condition_3\Running trial 1.c3d,C:\Users\spsagehr\OneDrive - Liverpool John Moores University\Sports biomech\portfolio\TreadmillData\condition_3\Running trial 1.c3d,C:\Users\spsagehr\OneDrive - Liverpool John Moores University\Sports biomech\portfolio\TreadmillData\condition_3\Running trial 1.c3d,C:\Users\spsagehr\OneDrive - Liverpool John Moores University\Sports biomech\portfolio\TreadmillData\condition_3\Running trial 1.c3d,C:\Users\spsagehr\OneDrive - Liverpool John Moores University\Sports biomech\portfolio\TreadmillData\condition_3\Running trial 1.c3d,C:\Users\spsagehr\OneDrive - Liverpool John Moores University\Sports biomech\portfolio\TreadmillData\condition_3\Running trial 1.c3d,C:\Users\spsagehr\OneDrive - Liverpool John Moores University\Sports biomech\portfolio\TreadmillData\condition_3\Running trial 1.c3d,C:\Users\spsagehr\OneDrive - Liverpool John Moores University\Sports biomech\portfolio\TreadmillData\condition_3\Running trial 1.c3d,C:\Users\spsagehr\OneDrive - Liverpool John Moores University\Sports biomech\portfolio\TreadmillData\condition_3\Running trial 1.c3d,C:\Users\spsagehr\OneDrive - Liverpool John Moores University\Sports biomech\portfolio\TreadmillData\condition_3\Running trial 1.c3d,C:\Users\spsagehr\OneDrive - Liverpool John Moores University\Sports biomech\portfolio\TreadmillData\condition_3\Running trial 1.c3d,C:\Users\spsagehr\OneDrive - Liverpool John Moores University\Sports biomech\portfolio\TreadmillData\condition_3\Running trial 1.c3d,C:\Users\spsagehr\OneDrive - Liverpool John Moores University\Sports biomech\portfolio\TreadmillData\condition_3\Running trial 1.c3d,C:\Users\spsagehr\OneDrive - Liverpool John Moores University\Sports biomech\portfolio\TreadmillData\condition_3\Running trial 1.c3d,C:\Users\spsagehr\OneDrive - Liverpool John Moores University\Sports biomech\portfolio\TreadmillData\condition_3\Running trial 1.c3d,C:\Users\spsagehr\OneDrive - Liverpool John Moores University\Sports biomech\portfolio\TreadmillData\condition_3\Running trial 1.c3d,C:\Users\spsagehr\OneDrive - Liverpool John Moores University\Sports biomech\portfolio\TreadmillData\condition_3\Running trial 1.c3d,C:\Users\spsagehr\OneDrive - Liverpool John Moores University\Sports biomech\portfolio\TreadmillData\condition_3\Running trial 1.c3d,C:\Users\spsagehr\OneDrive - Liverpool John Moores University\Sports biomech\portfolio\TreadmillData\condition_3\Running trial 1.c3d,C:\Users\spsagehr\OneDrive - Liverpool John Moores University\Sports biomech\portfolio\TreadmillData\condition_3\Running trial 1.c3d,C:\Users\spsagehr\OneDrive - Liverpool John Moores University\Sports biomech\portfolio\TreadmillData\condition_3\Running trial 1.c3d,C:\Users\spsagehr\OneDrive - Liverpool John Moores University\Sports biomech\portfolio\TreadmillData\condition_3\Running trial 1.c3d,C:\Users\spsagehr\OneDrive - Liverpool John Moores University\Sports biomech\portfolio\TreadmillData\condition_3\Running trial 1.c3d,C:\Users\spsagehr\OneDrive - Liverpool John Moores University\Sports biomech\portfolio\TreadmillData\condition_3\Running trial 1.c3d,C:\Users\spsagehr\OneDrive - Liverpool John Moores University\Sports biomech\portfolio\TreadmillData\condition_3\Running trial 1.c3d,C:\Users\spsagehr\OneDrive - Liverpool John Moores University\Sports biomech\portfolio\TreadmillData\condition_3\Running trial 1.c3d,C:\Users\spsagehr\OneDrive - Liverpool John Moores University\Sports biomech\portfolio\TreadmillData\condition_3\Running trial 1.c3d,C:\Users\spsagehr\OneDrive - Liverpool John Moores University\Sports biomech\portfolio\TreadmillData\condition_3\Running trial 1.c3d
,Left GRF,Left GRF,Left GRF,Left GRF,Left GRF,Left GRF,Right GRF,Right GRF,Right GRF,Right GRF,Right GRF,Right GRF,Left GRF,Left GRF,Left GRF,Left GRF,Left GRF,Left GRF,Left GRF,Left GRF,Left GRF,Left GRF,Left GRF,Left GRF,Left GRF,Left GRF,Left GRF,Left GRF,Left GRF,Left GRF,Left GRF,Left GRF,Left GRF,Left GRF,Left GRF,Left GRF,Left GRF,Left GRF,Left GRF,Left GRF,Left GRF,Left GRF,Left GRF,Left GRF,Left GRF,Left GRF,Left GRF,Left GRF,Left GRF,Left GRF,Left GRF,Right GRF,Right GRF,Right GRF,Right GRF,Right GRF,Right GRF,Right GRF,Right GRF,Right GRF,Right GRF,Right GRF,Right GRF,Right GRF,Right GRF,Right GRF,Right GRF,Right GRF,Right GRF,Right GRF,Right GRF,Right GRF,Right GRF,Right GRF,Right GRF,Right GRF,Right GRF,Right GRF,Right GRF,Right GRF,Right GRF,Right GRF,Right GRF,Right GRF,Right GRF,Right GRF,Right GRF,Right GRF,Right GRF,Right GRF,Right GRF,Right GRF,Right GRF
,LINK_MODEL_BASED,LINK_MODEL_BASED,LINK_MODEL_BASED,LINK_MODEL_BASED,LINK_MODEL_BASED,LINK_MODEL_BASED,LINK_MODEL_BASED,LINK_MODEL_BASED,LINK_MODEL_BASED,LINK_MODEL_BASED,LINK_MODEL_BASED,LINK_MODEL_BASED,LINK_MODEL_BASED,LINK_MODEL_BASED,LINK_MODEL_BASED,LINK_MODEL_BASED,LINK_MODEL_BASED,LINK_MODEL_BASED,LINK_MODEL_BASED,LINK_MODEL_BASED,LINK_MODEL_BASED,LINK_MODEL_BASED,LINK_MODEL_BASED,LINK_MODEL_BASED,LINK_MODEL_BASED,LINK_MODEL_BASED,LINK_MODEL_BASED,LINK_MODEL_BASED,LINK_MODEL_BASED,LINK_MODEL_BASED,LINK_MODEL_BASED,LINK_MODEL_BASED,LINK_MODEL_BASED,LINK_MODEL_BASED,LINK_MODEL_BASED,LINK_MODEL_BASED,LINK_MODEL_BASED,LINK_MODEL_BASED,LINK_MODEL_BASED,LINK_MODEL_BASED,LINK_MODEL_BASED,LINK_MODEL_BASED,LINK_MODEL_BASED,LINK_MODEL_BASED,LINK_MODEL_BASED,LINK_MODEL_BASED,LINK_MODEL_BASED,LINK_MODEL_BASED,LINK_MODEL_BASED,LINK_MODEL_BASED,LINK_MODEL_BASED,LINK_MODEL_BASED,LINK_MODEL_BASED,LINK_MODEL_BASED,LINK_MODEL_BASED,LINK_MODEL_BASED,LINK_MODEL_BASED,LINK_MODEL_BASED,LINK_MODEL_BASED,LINK_MODEL_BASED,LINK_MODEL_BASED,LINK_MODEL_BASED,LINK_MODEL_BASED,LINK_MODEL_BASED,LINK_MODEL_BASED,LINK_MODEL_BASED,LINK_MODEL_BASED,LINK_MODEL_BASED,LINK_MODEL_BASED,LINK_MODEL_BASED,LINK_MODEL_BASED,LINK_MODEL_BASED,LINK_MODEL_BASED,LINK_MODEL_BASED,LINK_MODEL_BASED,LINK_MODEL_BASED,LINK_MODEL_BASED,LINK_MODEL_BASED,LINK_MODEL_BASED,LINK_MODEL_BASED,LINK_MODEL_BASED,LINK_MODEL_BASED,LINK_MODEL_BASED,LINK_MODEL_BASED,LINK_MODEL_BASED,LINK_MODEL_BASED,LINK_MODEL_BASED,LINK_MODEL_BASED,LINK_MODEL_BASED,LINK_MODEL_BASED,LINK_MODEL_BASED,LINK_MODEL_BASED,LINK_MODEL_BASED
,PROCESSED,PROCESSED,PROCESSED,PROCESSED,PROCESSED,PROCESSED,PROCESSED,PROCESSED,PROCESSED,PROCESSED,PROCESSED,PROCESSED,PROCESSED,PROCESSED,PROCESSED,PROCESSED,PROCESSED,PROCESSED,PROCESSED,PROCESSED,PROCESSED,PROCESSED,PROCESSED,PROCESSED,PROCESSED,PROCESSED,PROCESSED,PROCESSED,PROCESSED,PROCESSED,PROCESSED,PROCESSED,PROCESSED,PROCESSED,PROCESSED,PROCESSED,PROCESSED,PROCESSED,PROCESSED,PROCESSED,PROCESSED,PROCESSED,PROCESSED,PROCESSED,PROCESSED,PROCESSED,PROCESSED,PROCESSED,PROCESSED,PROCESSED,PROCESSED,PROCESSED,PROCESSED,PROCESSED,PROCESSED,PROCESSED,PROCESSED,PROCESSED,PROCESSED,PROCESSED,PROCESSED,PROCESSED,PROCESSED,PROCESSED,PROCESSED,PROCESSED,PROCESSED,PROCESSED,PROCESSED,PROCESSED,PROCESSED,PROCESSED,PROCESSED,PROCESSED,PROCESSED,PROCESSED,PROCESSED,PROCESSED,PROCESSED,PROCESSED,PROCESSED,PROCESSED,PROCESSED,PROCESSED,PROCESSED,PROCESSED,PROCESSED,PROCESSED,PROCESSED,PROCESSED,PROCESSED,PROCESSED,PROCESSED
ITEM,X,Y,Z,X,Y,Z,X,Y,Z,X,Y,Z,X,Y,Z,X,Y,Z,X,Y,Z,X,Y,Z,X,Y,Z,X,Y,Z,X,Y,Z,X,Y,Z,X,Y,Z,X,Y,Z,X,Y,Z,X,Y,Z,X,Y,Z,X,Y,Z,X,Y,Z,X,Y,Z,X,Y,Z,X,Y,Z,X,Y,Z,X,Y,Z,X,Y,Z,X,Y,Z,X,Y,Z,X,Y,Z,X,Y,Z,X,Y,Z,X,Y,Z
1,-0.005922,-0.014109,0.091253,0.005652,0.004685,0.027653,0.000397,-0.021932,0.103198,0.003862,0.004548,0.04574,-0.005601,-0.007511,0.089604,-0.007099,-0.017524,0.114837,-0.002992,-0.015404,0.145127,-0.006504,-0.017021,0.064373,-0.01717,-0.02413,0.083495,-0.006518,-0.011754,0.066993,-0.009174,-0.019132,0.067584,-0.004242,-0.01573,0.10928,0.001194,-0.013877,0.081885,-0.003393,-0.01103,0.102603,0.001316,-0.011004,0.07627,-0.000957,-0.008019,0.05329,-0.01585,-0.011281,0.130952,-0.001802,-0.026148,0.080305,-0.000799,-0.028081,0.046028,-0.000437,-0.024527,0.087354,0.001166,-0.023596,0.073493,0.0041,-0.027721,0.048722,0.009291,-0.01976,0.103811,-0.005726,-0.024134,0.137396,-0.002122,-0.020104,0.160587,-0.005257,-0.020945,0.075028,0.000674,-0.012065,0.091566,0.000346,-0.014582,0.202965,0.000994,-0.021182,0.16167,0.000576,-0.023589,0.093993,0.004557,-0.020613,0.081852
2,-0.009939,-0.017058,0.19769,0.007326,0.006621,0.041115,-0.000791,-0.025304,0.21148,0.004973,0.006497,0.077431,-0.008215,-0.00951,0.197796,-0.013275,-0.023121,0.245109,-0.005791,-0.021697,0.277722,-0.01094,-0.021939,0.158354,-0.026532,-0.031127,0.190389,-0.009072,-0.01406,0.164849,-0.012494,-0.021725,0.153937,-0.00719,-0.019112,0.224096,-0.001822,-0.01576,0.19092,-0.005147,-0.011569,0.205921,-0.001607,-0.011668,0.172837,-0.005283,-0.010085,0.141187,-0.021839,-0.010378,0.246855,-0.002958,-0.032976,0.189865,-0.003911,-0.035811,0.127256,-0.000758,-0.027739,0.198111,0.000344,-0.02708,0.173602,0.003714,-0.034273,0.125954,0.010711,-0.024527,0.23288,-0.010559,-0.025549,0.269934,-0.00372,-0.02304,0.313801,-0.005998,-0.023621,0.182081,0.000673,-0.012097,0.092468,-0.000695,-0.015698,0.364159,-0.000438,-0.021532,0.301615,-0.001123,-0.025612,0.20034,0.003646,-0.024707,0.18865
3,-0.014813,-0.019414,0.344665,0.008595,0.00887,0.05472,-0.002959,-0.025534,0.359316,0.005988,0.007592,0.120709,-0.011194,-0.012267,0.347926,-0.021451,-0.02961,0.4228,-0.009477,-0.030273,0.448426,-0.016619,-0.025885,0.294791,-0.035969,-0.036061,0.341105,-0.011869,-0.016345,0.306764,-0.01529,-0.021026,0.275972,-0.010742,-0.022037,0.378369,-0.007021,-0.016908,0.345378,-0.007871,-0.01134,0.343327,-0.006859,-0.011318,0.309155,-0.011499,-0.011343,0.271118,-0.026705,-0.007966,0.39551,-0.004137,-0.037032,0.34631,-0.008809,-0.039109,0.249395,-0.001243,-0.026902,0.353478,-0.001854,-0.025909,0.316304,0.001668,-0.03578,0.240016,0.010162,-0.027046,0.412787,-0.016351,-0.022544,0.442707,-0.005905,-0.024505,0.513151,-0.006384,-0.022737,0.335733,0.000672,-0.012128,0.093375,-0.002397,-0.017255,0.562629,-0.003343,-0.018474,0.479227,-0.004613,-0.022791,0.34581,0.001108,-0.025259,0.339501
4,-0.01992,-0.024746,0.524888,0.009333,0.011911,0.06631,-0.00578,-0.024879,0.537897,0.006802,0.007817,0.170032,-0.01468,-0.019263,0.532363,-0.030995,-0.041424,0.636604,-0.013012,-0.04521,0.643603,-0.023638,-0.031373,0.470838,-0.043448,-0.041588,0.52849,-0.015313,-0.022141,0.489529,-0.016941,-0.02007,0.428809,-0.013745,-0.02815,0.562734,-0.01419,-0.021346,0.538005,-0.011228,-0.014575,0.506187,-0.014357,-0.013694,0.480456,-0.019028,-0.014248,0.440398,-0.028382,-0.008612,0.56553,-0.004987,-0.039769,0.544477,-0.014923,-0.036632,0.411229,-0.001656,-0.024395,0.54548,-0.00589,-0.021684,0.495752,-0.002567,-0.031963,0.388888,0.007214,-0.030229,0.632765,-0.021327,-0.019473,0.641152,-0.008005,-0.029008,0.741974,-0.007015,-0.021447,0.529446,0.00067,-0.012159,0.094285,-0.003052,-0.023567,0.777509,-0.006605,-0.016423,0.678456,-0.009734,-0.017731,0.521553,-0.003038,-0.023827,0.527591
5,-0.023342,-0.037821,0.721489,0.010106,0.016111,0.074734,-0.007263,-0.028447,0.728064,0.00756,0.010059,0.219509,-0.01766,-0.034806,0.733697,-0.03906,-0.063241,0.863266,-0.01409,-0.069781,0.842625,-0.030865,-0.042474,0.67308,-0.045729,-0.054011,0.733516,-0.019111,-0.035433,0.699197,-0.015802,-0.024753,0.599261,-0.013669,-0.042022,0.75945,-0.021399,-0.034164,0.749194,-0.012476,-0.02606,0.67881,-0.022367,-0.023717,0.672137,-0.026453,-0.023475,0.635569,-0.02476,-0.017732,0.739556,-0.003953,-0.046778,0.766809,-0.020567,-0.031683,0.599397,-0.000062,-0.026447,0.753557,-0.010306,-0.020582,0.694721,-0.007834,-0.027275,0.560968,0.003869,-0.039337,0.867717,-0.021601,-0.023385,0.840933,-0.007408,-0.042139,0.972261,-0.006642,-0.025982,0.743748,0.000669,-0.01219,0.095199,0.000377,-0.038633,0.980962,-0.007513,-0.021698,0.875093,-0.013754,-0.016519,0.707811,-0.006963,-0.025612,0.733721
6,-0.022942,-0.061321,0.913234,0.011756,0.020741,0.080419,-0.004815,-0.041286,0.906259,0.008948,0.016427,0.264052,-0.018365,-0.061239,0.929876,-0.042698,-0.095991,1.075915,-0.011444,-0.104125,1.026188,-0.035226,-0.062168,0.879675,-0.040358,-0.078369,0.932276,-0.021139,-0.058155,0.913171,-0.009777,-0.039922,0.770288,-0.009812,-0.065585,0.947946,-0.025501,-0.058206,0.952613,-0.009646,-0.048147,0.844677,-0.027926,-0.044176,0.863483,-0.030375,-0.04283,0.835143,-0.015977,-0.038264,0.90079,0.001529,-0.064298,0.986841,-0.022512,-0.032445,0.789945,0.0066,-0.039452,0.95069,-0.011918,-0.029703,0.889308,-0.010491,-0.028925,0.736962,0.004121,-0.058463,1.085261,-0.014791,-0.039537,1.01815,-0.002563,-0.066704,1.174883,-0.002884,-0.041677,0.951077,0.000668,-0.012221,0.096118,0.008875,-0.064392,1.150119,-0.004352,-0.038792,1.046427,-0.012846,-0.025377,0.880531,-0.00684,-0.036024,0.931312
7,-0.018615,-0.09452,1.083222,0.014138,0.024455,0.084289,0.002118,-0.065713,1.054811,0.010888,0.025109,0.3007,-0.016305,-0.097669,1.102856,-0.04263,-0.136296,1.255946,-0.006264,-0.144951,1.184769,-0.034916,-0.090602,1.068588,-0.028734,-0.114776,1.106795,-0.0196,-0.089089,1.108173,0.000862,-0.066896,0.928081,-0.004241,-0.097479,1.112523,-0.025357,-0.092665,1.127204,-0.003132,-0.080397,0.993468,-0.029429,-0.074815,1.035913,-0.028259,-0.073287,1.017596,-0.00399,-0.06984,1.039974,0.011942,-0.094192,1.178807,-0.01848,-0.046061,0.957747,0.018705,-0.066544,1.115495,-0.009242,-0.052967,1.058558,-0.008358,-0.042262,0.8979,0.009637,-0.088871,1.260311,-0.002255,-0.069756,1.161205,0.004966,-0.10183,1.333694,0.004784,-0.070469,1.127819,0.000667,-0.012251,0.097041,0.020715,-0.099874,1.277379,0.002858,-0.068687,1.181202,-0.005569,-0.047911,1.022643,-0.000719,-0.058301,1.097558
8,-0.012039,-0.133343,1.225592,0.016745,0.025874,0.086597,0.01217,-0.100062,1.169276,0.012963,0.034307,0.329166,-0.01188,-0.139976,1.24572,-0.040987,-0.177518,1.400465,-0.00043,-0.185351,1.320408,-0.031196,-0.125201,1.226346,-0.01433,-0.158097,1.252263,-0.015981,-0.124373,1.270442,0.013682,-0.103158,1.067216,0.000724,-0.132873,1.249064,-0.022635,-0.133509,1.267343,0.005419,-0.119534,1.124119,-0.027463,-0.112825,1.180379,-0.020627,-0.11264,1.171474,0.009201,-0.108403,1.157457,0.025106,-0.13291,1.329019,-0.008981,-0.074999,1.088832,0.033245,-0.106514,1.242251,-0.003179,-0.089753,1.193957,-0.001864,-0.068678,1.033415,0.018993,-0.127903,1.386729,0.013367,-0.110741,1.273487,0.013069,-0.142647,1.451304,0.014785,-0.110184,1.264508,0.000665,-0.012282,0.097968,0.034038,-0.139672,1.370202,0.013333,-0.108107,1.282809,0.007473,-0.083929,1.131256,0.010323,-0.092555,1.224134
9,-0.004551,-0.171073,1.345457,0.01922,0.024674,0.0875,0.024168,-0.138727,1.257747,0.015244,0.042954,0.351662,-0.005123,-0.180977,1.364077,-0.037146,-0.21247,1.519134,0.006121,-0.217843,1.441391,-0.02575,-0.161021,1.352145,0.000244,-0.199429,1.376724,-0.013264,-0.158038,1.400774,0.026673,-0.142375,1.190266,0.004769,-0.165404,1.364773,-0.018968,-0.173869,1.382023,0.014098,-0.158294,1.242028,-0.023234,-0.152414,1.298693,-0.009758,-0.155534,1.297993,0.022177,-0.146279,1.260922,0.039162,-0.173148,1.440746,0.004616,-0.116223,1.185928,0.04712,-0.152745,1.340556,0.004973,-0.134314,1.301469,0.008019,-0.104897,1.143861,0.031149,-0.168688,1.475649,0.029837,-0.154376,1.367816,0.022853,-0.182364,1.542345,0.025569,-0.153792,1.367623,0.000664,-0.012313,0.098899,0.048925,-0.176441,1.444324,0.026944,-0.150194,1.364843,0.024513,-0.128492,1.216112,0.024012,-0.134196,1.318291
10,0.004353,-0.201358,1.452953,0.021023,0.022138,0.087156,0.038191,-0.174476,1.334189,0.018216,0.050516,0.371652,0.005446,-0.21409,1.46961,-0.027729,-0.236859,1.623453,0.015677,-0.238365,1.55534,-0.018928,-0.19223,1.455932,0.014785,-0.231199,1.492694,-0.01122,-0.184919,1.509135,0.038522,-0.175881,1.304413,0.010647,-0.190852,1.470366,-0.013002,-0.207519,1.485636,0.022493,-0.188662,1.354301,-0.017299,-0.186341,1.399852,0.002173,-0.194026,1.406565,0.03502,-0.176716,1.361092,0.054993,-0.20829,1.528036,0.021381,-0.162047,1.263523,0.060397,-0.195931,1.426242,0.015288,-0.178033,1.39488,0.02005,-0.143154,1.238188,0.047409,-0.203776,1.545199,0.046775,-0.19148,1.45874,0.036791,-0.214599,1.623269,0.037928,-0.193064,1.453078,0.000662,-0.012343,0.099834,0.065874,-0.203975,1.515885,0.044302,-0.187064,1.442873,0.043482,-0.173225,1.29308,0.039343,-0.175687,1.395813
11,0.016094,-0.220279,1.556227,0.021816,0.019185,0.085265,0.053795,-0.200622,1.411088,0.021728,0.056153,0.392083,0.021861,-0.234937,1.571651,-0.011285,-0.24766,1.719523,0.029109,-0.245021,1.664969,-0.009194,-0.215476,1.550252,0.030478,-0.248922,1.608251,-0.00606,-0.202025,1.604651,0.04967,-0.198415,1.416554,0.020396,-0.205468,1.573017,-0.002402,-0.230373,1.588805,0.031641,-0.206837,1.465943,-0.008728,-0.2101,1.493669,0.014866,-0.222127,1.507801,0.048873,-0.196272,1.465871,0.074129,-0.233078,1.606124,0.040766,-0.202992,1.33872,0.074165,-0.226971,1.512958,0.028813,-0.212467,1.487722,0.033317,-0.175154,1.329431,0.067673,-0.22708,1.611329,0.062791,-0.214542,1.555894,0.052708,-0.233875,1.70504,0.052574,-0.221445,1.535913,0.000661,-0.012374,0.100774,0.082227,-0.217686,1.594929,0.063443,-0.21189,1.527447,0.06305,-0.209851,1.376449,0.056814,-0.2093,1.472503
12,0.030261,-0.226293,1.657308,0.021809,0.016978,0.081271,0.068225,-0.212915,1.494889,0.025054,0.058958,0.414273,0.042851,-0.240653,1.672548,0.008621,-0.245193,1.80696,0.044135,-0.239478,1.767624,0.004404,-0.228161,1.64269,0.046203,-0.250877,1.722883,0.004135,-0.207501,1.691069,0.06129,-0.208027,1.529027,0.032799,-0.207856,1.673456,0.011478,-0.240088,1.693428,0.041776,-0.211916,1.576643,0.003067,-0.221884,1.585106,0.029384,-0.237317,1.607267,0.063244,-0.202857,1.576299,0.094359,-0.242981,1.684585,0.059803,-0.230249,1.423749,0.086501,-0.239894,1.607436,0.043178,-0.231113,1.587511,0.046628,-0.195157,1.427788,0.086889,-0.235392,1.682144,0.074782,-0.220683,1.661914,0.065929,-0.238653,1.790469,0.066979,-0.23449,1.624157,0.000659,-0.012404,0.101717,0.094366,-0.217591,1.684177,0.080099,-0.221463,1.621842,0.080589,-0.232352,1.473436,0.074382,-0.228386,1.557523
13,0.044336,-0.221215,1.752909,0.021708,0.016268,0.075336,0.078686,-0.2113,1.585454,0.027649,0.058553,0.437893,0.064322,-0.233219,1.76881,0.027199,-0.233675,1.882516,0.058229,-0.226137,1.858818,0.018712,-0.228979,1.733773,0.059659,-0.240422,1.829124,0.016668,-0.203585,1.767887,0.072659,-0.204917,1.638236,0.045782,-0.200919,1.768336,0.024515,-0.238575,1.795229,0.05199,-0.205858,1.68093,0.015778,-0.222136,1.673202,0.044267,-0.239708,1.703501,0.076593,-0.197664,1.687453,0.110722,-0.237619,1.765988,0.073408,-0.23928,1.523427,0.094477,-0.235065,1.708921,0.054375,-0.232412,1.694186,0.057753,-0.200575,1.537129,0.10064,-0.230439,1.758319,0.082006,-0.212551,1.772513,0.074516,-0.23106,1.876004,0.078352,-0.232655,1.718153,0.000658,-0.012434,0.102665,0.101903,-0.207082,1.78073,0.091959,-0.217219,1.722638,0.093204,-0.239317,1.583946,0.087637,-0.230493,1.651738
14,0.056659,-0.208951,1.838274,0.022076,0.01649,0.06827,0.084901,-0.199007,1.677617,0.029247,0.055308,0.461485,0.083337,-0.217042,1.85512,0.042405,-0.216761,1.94333,0.070228,-0.208331,1.934603,0.030766,-0.220486,1.820148,0.070254,-0.223264,1.919048,0.028515,-0.194413,1.834082,0.083704,-0.193166,1.737777,0.057696,-0.188117,1.853428,0.034664,-0.229686,1.888759,0.062015,-0.193216,1.77292,0.027396,-0.214446,1.754573,0.057313,-0.233168,1.791493,0.088281,-0.184261,1.792279,0.120907,-0.220216,1.847534,0.079691,-0.231662,1.635966,0.098006,-0.217336,1.810765,0.061662,-0.219895,1.802113,0.06599,-0.193021,1.654748,0.109349,-0.216078,1.836301,0.086293,-0.1953,1.878446,0.079519,-0.215437,1.954614,0.08592,-0.219685,1.812136,0.000656,-0.012464,0.103617,0.10633,-0.190371,1.877111,0.098941,-0.203037,1.821977,0.100656,-0.233386,1.701529,0.094691,-0.218217,1.749779
15,0.067001,-0.192819,1.909217,0.022412,0.01725,0.060478,0.088047,-0.180546,1.763425,0.029947,0.050213,0.483166,0.09841,-0.195804,1.925658,0.054312,-0.196748,1.987087,0.079714,-0.18796,1.992211,0.040686,-0.206102,1.898281,0.078319,-0.204142,1.98691,0.039541,-0.182495,1.88866,0.094408,-0.177227,1.822778,0.067183,-0.172016,1.924283,0.0423,-0.216143,1.968042,0.071692,-0.177738,1.848856,0.038107,-0.202399,1.826462,0.068982,-0.221951,1.866995,0.097362,-0.165916,1.883594,0.126126,-0.195694,1.922253,0.080649,-0.212413,1.753297,0.099257,-0.193216,1.903309,0.066582,-0.199255,1.902392,0.071919,-0.176387,1.77268,0.114668,-0.197173,1.909695,0.089049,-0.174153,1.970279,0.082697,-0.196255,2.019264,0.090459,-0.200671,1.897634,0.000655,-0.012494,0.104574,0.108507,-0.171211,1.964733,0.101463,-0.183606,1.910946,0.103933,-0.218466,1.814979,0.096699,-0.196654,1.841918
16,0.075331,-0.174623,1.963101,0.022384,0.018432,0.052679,0.088988,-0.159696,1.83551,0.029935,0.044409,0.501355,0.109477,-0.171722,1.976497,0.062942,-0.174434,2.013611,0.087284,-0.16556,2.031418,0.048929,-0.188435,1.963783,0.084321,-0.185352,2.030974,0.049865,-0.169102,1.930604,0.103321,-0.160032,1.889873,0.07362,-0.153434,1.978569,0.048077,-0.1992,2.028468,0.080832,-0.161419,1.907014,0.047844,-0.187986,1.886458,0.079306,-0.208512,1.927126,0.103491,-0.144917,1.955913,0.127535,-0.168824,1.982894,0.078541,-0.187191,1.863665,0.099773,-0.168096,1.978955,0.070339,-0.175907,1.986511,0.075574,-0.154731,1.880937,0.117169,-0.177091,1.97257,0.09052,-0.152588,2.041628,0.084764,-0.175647,2.065661,0.092614,-0.179864,1.967817,0.000653,-0.012524,0.105534,0.108497,-0.150632,2.037129,0.100405,-0.162268,1.98255,0.104111,-0.198935,1.913216,0.095333,-0.171447,1.91808
17,0.081932,-0.154659,1.999608,0.022369,0.020157,0.045391,0.08841,-0.138179,1.889424,0.029458,0.038578,0.515059,0.117797,-0.14543,2.007207,0.068395,-0.150105,2.023983,0.092897,-0.140985,2.052931,0.056052,-0.168857,2.012967,0.089128,-0.1667,2.054187,0.058176,-0.154167,1.960536,0.110298,-0.142149,1.938441,0.077431,-0.132161,2.015666,0.052447,-0.17938,2.068335,0.089999,-0.144119,1.948765,0.056531,-0.171415,1.933462,0.087762,-0.193281,1.971248,0.108203,-0.121813,2.007174,0.125765,-0.142076,2.025458,0.074491,-0.16015,1.95727,0.099615,-0.143865,2.034687,0.072714,-0.152666,2.049352,0.077543,-0.13106,1.971147,0.117351,-0.156508,2.021278,0.091513,-0.131062,2.089946,0.086655,-0.154273,2.092386,0.093335,-0.158667,2.019392,0.000652,-0.012554,0.106499,0.106991,-0.128171,2.090118,0.096905,-0.13985,2.033405,0.102449,-0.177456,1.989096,0.091758,-0.14615,1.9719
18,0.087075,-0.132282,2.019213,0.022696,0.022519,0.038378,0.08754,-0.115779,1.923522,0.028972,0.032846,0.523796,0.124122,-0.116698,2.018444,0.07088,-0.123223,2.018602,0.096985,-0.113273,2.056484,0.061912,-0.147492,2.045075,0.093435,-0.147011,2.059631,0.06339,-0.137201,1.9788,0.115531,-0.122347,1.970391,0.079571,-0.10738,2.0345,0.055785,-0.156666,2.086646,0.09912,-0.124704,1.976179,0.064168,-0.151885,1.967681,0.09468,-0.175549,2.000284,0.112395,-0.096237,2.037053,0.122664,-0.115972,2.048748,0.069785,-0.132685,2.028265,0.099212,-0.119383,2.070587,0.074175,-0.129633,2.08943,0.079053,-0.106107,2.038346,0.11639,-0.134838,2.053631,0.093399,-0.108179,2.115821,0.089826,-0.131137,2.099867,0.094339,-0.136413,2.051363,0.00065,-0.012584,0.107468,0.105392,-0.102404,2.121861,0.092744,-0.115593,2.063138,0.100267,-0.15447,2.039393,0.087667,-0.121506,2.001398
19,0.090811,-0.106499,2.021751,0.023077,0.025132,0.032347,0.087466,-0.091229,1.937772,0.028819,0.027002,0.527371,0.128037,-0.084766,2.011248,0.07108,-0.093116,1.997104,0.10006,-0.082283,2.041682,0.066859,-0.123492,2.059386,0.097103,-0.124617,2.048625,0.066016,-0.1166,1.984222,0.118744,-0.099341,1.986355,0.080457,-0.07864,2.033925,0.058874,-0.130077,2.082784,0.10748,-0.101689,1.989702,0.070351,-0.128387,1.988246,0.099841,-0.153755,2.014075,0.115637,-0.067719,2.045406,0.120872,-0.089398,2.05336,0.066742,-0.103948,2.074486,0.100011,-0.092405,2.087686,0.076338,-0.10509,2.107846,0.080626,-0.079571,2.079896,0.115497,-0.110062,2.068312,0.096279,-0.082303,2.120183,0.093856,-0.104958,2.088638,0.096361,-0.110904,2.064113,0.000648,-0.012613,0.108441,0.103681,-0.072679,2.131035,0.089401,-0.08803,2.072261,0.098928,-0.128805,2.06438,0.085279,-0.096435,2.008172
20,0.092854,-0.077383,2.006814,0.0232,0.027122,0.02939,0.087691,-0.063812,1.932356,0.02873,0.021194,0.525615,0.129163,-0.05071,1.986418,0.068965,-0.060708,1.959102,0.101037,-0.049427,2.008344,0.07115,-0.095954,2.054955,0.099178,-0.099199,2.021443,0.066908,-0.091657,1.975319,0.119927,-0.072699,1.985967,0.079758,-0.047253,2.012966,0.061992,-0.100138,2.056847,0.114179,-0.074323,1.988953,0.07491,-0.100241,1.993929,0.10292,-0.126627,2.011816,0.117017,-0.037041,2.032524,0.121242,-0.060834,2.040255,0.066305,-0.072518,2.096138,0.101555,-0.062165,2.085893,0.078872,-0.077528,2.106123,0.082052,-0.050548,2.094836,0.113713,-0.081278,2.063453,0.098599,-0.053207,2.10272,0.096116,-0.075579,2.05862,0.098102,-0.081072,2.057842,0.000646,-0.012643,0.109418,0.100527,-0.04002,2.115745,0.086206,-0.057026,2.060819,0.09863,-0.099468,2.065679,0.085113,-0.069481,1.995445
21,0.092534,-0.046009,1.973857,0.023207,0.028184,0.032007,0.086846,-0.034011,1.907034,0.028329,0.016602,0.518309,0.127004,-0.016235,1.943973,0.064037,-0.027216,1.90445,0.099468,-0.015843,1.95609,0.073553,-0.065426,2.031636,0.098694,-0.071457,1.97722,0.065536,-0.06341,1.950624,0.118717,-0.043512,1.968234,0.077388,-0.01461,1.97105,0.063978,-0.067842,2.009618,0.118064,-0.043382,1.97247,0.077125,-0.068502,1.983596,0.103384,-0.09526,1.992607,0.115988,-0.005419,1.998576,0.121384,-0.030136,2.009508,0.066539,-0.03866,2.09325,0.101321,-0.029254,2.063825,0.07974,-0.046928,2.084456,0.082352,-0.019196,2.082932,0.110155,-0.049105,2.037249,0.099058,-0.022196,2.062486,0.094959,-0.043489,2.009448,0.097687,-0.047526,2.031676,0.000645,-0.012672,0.1104,0.096074,-0.005667,2.074663,0.082078,-0.023674,2.028341,0.098295,-0.06699,2.044498,0.085557,-0.04066,1.965736
22,0.089651,-0.01339,1.922443,0.023111,0.02818,0.039767,0.084489,-0.003017,1.861455,0.02758,0.015357,0.505273,0.121496,0.017498,1.883663,0.057612,0.006039,1.833431,0.095873,0.017225,1.885391,0.073401,-0.033146,1.988543,0.095154,-0.041642,1.915468,0.060865,-0.032457,1.908939,0.115054,-0.012933,1.931467,0.073889,0.018159,1.908764,0.064297,-0.033745,1.942652,0.118597,-0.009983,1.938567,0.076015,-0.03452,1.955466,0.100602,-0.060927,1.95532,0.112605,0.026365,1.944085,0.118773,0.001424,1.960778,0.06524,-0.00359,2.064848,0.098222,0.004876,2.019621,0.077919,-0.013877,2.042097,0.080598,0.013388,2.044215,0.106012,-0.014847,1.988631,0.097983,0.008962,1.998752,0.091221,-0.010182,1.941315,0.095281,-0.011746,1.984673,0.000643,-0.012701,0.111386,0.09141,0.028424,2.007762,0.077504,0.010753,1.974517,0.097193,-0.032188,2.001763,0.084843,-0.010935,1.920018
23,0.084753,0.019332,1.853433,0.02276,0.027126,0.049666,0.080776,0.027696,1.796163,0.026499,0.018571,0.486631,0.113676,0.049296,1.806208,0.050844,0.037942,1.747993,0.090607,0.048912,1.798563,0.070847,-0.000214,1.92564,0.08886,-0.010351,1.837617,0.053726,0.000033,1.850196,0.109299,0.017995,1.875646,0.070198,0.050177,1.828215,0.063558,0.000979,1.858266,0.116036,0.024223,1.887003,0.071763,0.000418,1.908689,0.095205,-0.025155,1.899507,0.107175,0.057066,1.871091,0.113679,0.032035,1.893448,0.06247,0.030985,2.010292,0.093031,0.038262,1.952971,0.073927,0.019877,1.979002,0.077123,0.046366,1.979934,0.101746,0.019746,1.917592,0.095188,0.038932,1.912782,0.085108,0.022838,1.855909,0.091189,0.024237,1.916991,0.000641,-0.01273,0.112376,0.085943,0.060946,1.917645,0.072801,0.044568,1.900558,0.095264,0.003266,1.938447,0.082756,0.018417,1.858336
24,0.078265,0.051235,1.769227,0.022197,0.025443,0.059296,0.075194,0.057093,1.713296,0.024918,0.024468,0.462977,0.104135,0.078955,1.714715,0.043035,0.067736,1.651239,0.083187,0.078669,1.698991,0.06657,0.032261,1.844838,0.080343,0.021506,1.746486,0.046073,0.032788,1.776032,0.102462,0.048602,1.802442,0.066265,0.081108,1.73289,0.061202,0.035587,1.759991,0.11075,0.057739,1.819074,0.065453,0.034751,1.844321,0.088231,0.010011,1.82648,0.099743,0.086348,1.782449,0.1069,0.060501,1.808072,0.058615,0.063405,1.931064,0.085829,0.069878,1.866284,0.068158,0.052792,1.896735,0.072118,0.078506,1.893105,0.095648,0.053519,1.826573,0.088787,0.067262,1.807778,0.075319,0.054955,1.755974,0.083993,0.058976,1.830524,0.000639,-0.012759,0.11337,0.078209,0.091731,1.808833,0.066904,0.076785,1.80932,0.092043,0.037619,1.856907,0.079556,0.046129,1.781605
25,0.070155,0.081886,1.672859,0.021696,0.02346,0.067354,0.066988,0.084949,1.616071,0.02275,0.03133,0.435224,0.092927,0.106575,1.613255,0.03346,0.095076,1.546382,0.072945,0.106421,1.590252,0.060558,0.063223,1.749178,0.069839,0.053408,1.645172,0.038315,0.065073,1.689118,0.095254,0.078891,1.714794,0.060968,0.110712,1.626609,0.055681,0.06939,1.651502,0.103012,0.089734,1.737134,0.058148,0.06769,1.76428,0.080271,0.043785,1.738431,0.090643,0.114537,1.681056,0.097534,0.086575,1.7076,0.052486,0.093328,1.831102,0.075887,0.099922,1.762855,0.060032,0.084675,1.797947,0.065203,0.109223,1.788223,0.085904,0.085823,1.719201,0.077938,0.094366,1.688036,0.061719,0.086102,1.644454,0.072649,0.09196,1.728325,0.000637,-0.012788,0.114369,0.067763,0.120821,1.686387,0.058928,0.107351,1.704072,0.086865,0.070123,1.760171,0.07429,0.0718,1.692246
26,0.060294,0.110966,1.567462,0.021435,0.021365,0.073444,0.056381,0.111229,1.508171,0.020189,0.038361,0.404418,0.080441,0.132074,1.505406,0.022321,0.120173,1.43637,0.060218,0.132319,1.475345,0.051867,0.092324,1.642595,0.057553,0.084761,1.536136,0.029859,0.096274,1.592271,0.087628,0.108664,1.61639,0.053706,0.138554,1.512742,0.04667,0.101625,1.535979,0.092656,0.119774,1.643923,0.049463,0.098752,1.671147,0.071037,0.075849,1.638017,0.080405,0.141418,1.570682,0.084713,0.110728,1.596192,0.043481,0.121043,1.715285,0.063737,0.128703,1.646503,0.049619,0.115258,1.686029,0.056269,0.138632,1.669838,0.072835,0.116292,1.599495,0.063573,0.120429,1.558604,0.046104,0.115693,1.524493,0.057895,0.123045,1.614108,0.000635,-0.012817,0.115372,0.055573,0.147954,1.555511,0.048939,0.135841,1.588122,0.079492,0.1005,1.651142,0.066464,0.095906,1.593705
27,0.049083,0.137928,1.455589,0.021223,0.019211,0.077745,0.04437,0.135503,1.393183,0.017575,0.045045,0.371611,0.066938,0.155117,1.393873,0.010546,0.142663,1.322902,0.046379,0.155739,1.356216,0.040762,0.11932,1.528639,0.043976,0.114435,1.420887,0.021228,0.125792,1.488166,0.079382,0.137399,1.509916,0.044662,0.163709,1.393902,0.035521,0.131294,1.415872,0.080139,0.14774,1.541537,0.038831,0.127593,1.567886,0.06073,0.105884,1.528431,0.068982,0.16638,1.454427,0.069607,0.133435,1.478112,0.032361,0.146829,1.588768,0.051057,0.155441,1.521328,0.038198,0.143759,1.564634,0.045306,0.166323,1.542087,0.057523,0.1442,1.47154,0.04695,0.144864,1.423683,0.030559,0.142431,1.398995,0.041711,0.151564,1.491579,0.000633,-0.012846,0.116379,0.042791,0.172403,1.419803,0.037722,0.161308,1.464655,0.070107,0.128451,1.533315,0.056659,0.118881,1.489685
28,0.037477,0.161796,1.338881,0.020744,0.017011,0.080505,0.0318,0.156934,1.273768,0.015239,0.05097,0.337645,0.053149,0.174803,1.27987,-0.000749,0.16149,1.207237,0.032756,0.175666,1.234304,0.028612,0.143723,1.409776,0.030564,0.140969,1.300504,0.013628,0.152774,1.378688,0.069928,0.164224,1.39721,0.034555,0.184747,1.27172,0.023915,0.15667,1.2923,0.066819,0.17296,1.43123,0.027304,0.153809,1.45685,0.049807,0.133193,1.412257,0.056906,0.188321,1.333506,0.054116,0.154369,1.357127,0.020033,0.17037,1.455846,0.038795,0.179012,1.390259,0.026942,0.169074,1.436497,0.032634,0.191153,1.4085,0.040038,0.168511,1.337892,0.02938,0.166866,1.286013,0.016166,0.165048,1.269885,0.02572,0.176541,1.363319,0.000631,-0.012874,0.11739,0.029687,0.193068,1.281526,0.026027,0.182642,1.336348,0.059102,0.15312,1.409254,0.045924,0.140174,1.3829
29,0.026456,0.181159,1.218618,0.019903,0.014933,0.081815,0.019276,0.174331,1.151951,0.013485,0.055694,0.303161,0.039978,0.190037,1.164264,-0.010858,0.17525,1.090556,0.020079,0.190448,1.111045,0.017051,0.164796,1.287449,0.019297,0.162421,1.175953,0.007449,0.175848,1.264859,0.059524,0.187622,1.279537,0.024356,0.199859,1.147727,0.013069,0.175679,1.166092,0.053573,0.194295,1.314532,0.016068,0.176441,1.339771,0.038827,0.156561,1.291006,0.04552,0.205805,1.209242,0.038569,0.172805,1.235608,0.007178,0.190846,1.319014,0.027052,0.198125,1.255574,0.016064,0.190055,1.303829,0.019019,0.211479,1.271722,0.021203,0.188008,1.200801,0.012456,0.184695,1.14774,0.003614,0.181969,1.139073,0.010928,0.196396,1.231514,0.000629,-0.012903,0.118406,0.016725,0.208222,1.143146,0.014099,0.198385,1.205317,0.047079,0.173415,1.280657,0.035251,0.159133,1.274908
30,0.016838,0.194579,1.09621,0.018778,0.013472,0.081711,0.007648,0.186196,1.029757,0.012423,0.058785,0.268805,0.027801,0.199756,1.04838,-0.018919,0.183067,0.973798,0.009267,0.198958,0.988287,0.007481,0.181014,1.162489,0.011341,0.177295,1.048616,0.002077,0.193271,1.14786,0.04915,0.205476,1.158167,0.015198,0.207912,1.023668,0.003418,0.186938,1.038418,0.04109,0.210159,1.193576,0.006158,0.194067,1.218194,0.028876,0.174432,1.166211,0.035962,0.217186,1.083063,0.023282,0.187575,1.114947,-0.004778,0.206612,1.180681,0.01623,0.210884,1.119811,0.005503,0.205068,1.168962,0.00545,0.225254,1.134445,0.003277,0.200837,1.063065,-0.001847,0.196302,1.011136,-0.006251,0.191807,1.008892,-0.001667,0.209302,1.098453,0.000627,-0.012931,0.119426,0.004691,0.216266,1.006912,0.002604,0.207234,1.073648,0.035217,0.187811,1.149919,0.024729,0.174729,1.166306
31,0.009208,0.201279,0.973309,0.017361,0.013079,0.080383,-0.002041,0.191516,0.909171,0.011973,0.060031,0.235208,0.017318,0.203492,0.933479,-0.024276,0.184928,0.858195,0.001862,0.201053,0.867874,0.000415,0.191067,1.036529,0.006743,0.184885,0.92052,-0.00285,0.204043,1.029397,0.039369,0.216465,1.035274,0.007865,0.208723,0.900924,-0.004348,0.190503,0.910552,0.03034,0.219211,1.070409,-0.001511,0.20524,1.093801,0.020562,0.185473,1.039671,0.028218,0.22154,0.956388,0.009827,0.197094,0.996572,-0.014085,0.215675,1.043401,0.007248,0.216156,0.985612,-0.00431,0.212763,1.034256,-0.00697,0.231088,0.999216,-0.011359,0.206035,0.927524,-0.012212,0.200691,0.878432,-0.013234,0.194251,0.881264,-0.011534,0.214379,0.966163,0.000624,-0.012959,0.12045,-0.005225,0.216554,0.874872,-0.00725,0.208762,0.943645,0.024669,0.195179,1.019233,0.015232,0.185558,1.057746
32,0.003687,0.20123,0.851722,0.015623,0.013708,0.078047,-0.009345,0.190305,0.791992,0.011961,0.059505,0.202936,0.008895,0.201393,0.820945,-0.026983,0.181005,0.744906,-0.001542,0.197084,0.751459,-0.003712,0.19464,0.911304,0.004661,0.185119,0.793875,-0.006808,0.208009,0.911171,0.030595,0.219935,0.913036,0.002044,0.202633,0.780886,-0.00978,0.186942,0.784515,0.022005,0.221417,0.947118,-0.006681,0.209555,0.968586,0.013853,0.189468,0.913275,0.02139,0.218796,0.831315,-0.000477,0.20031,0.881776,-0.020161,0.217355,0.90949,0.000282,0.214071,0.855303,-0.012962,0.213086,0.901973,-0.017405,0.228998,0.867776,-0.021492,0.204013,0.796722,-0.019029,0.197807,0.751626,-0.018024,0.189824,0.757851,-0.018703,0.211929,0.836869,0.000622,-0.012988,0.121479,-0.012555,0.209672,0.748996,-0.014977,0.203457,0.817244,0.016173,0.195733,0.890534,0.007885,0.190994,0.950257
33,-0.000082,0.194899,0.733512,0.013637,0.014859,0.074746,-0.014504,0.183136,0.679853,0.01195,0.057408,0.172515,0.002328,0.193918,0.71228,-0.027344,0.171895,0.635687,-0.00175,0.187961,0.641059,-0.005005,0.191941,0.788384,0.003826,0.178743,0.671274,-0.009642,0.205531,0.795317,0.022662,0.215929,0.793563,-0.002495,0.190603,0.665274,-0.013185,0.177133,0.663111,0.016037,0.217013,0.825812,-0.009821,0.207135,0.844636,0.008237,0.186658,0.789414,0.01509,0.20923,0.709847,-0.007428,0.197361,0.771397,-0.023588,0.211936,0.781326,-0.005611,0.205295,0.73077,-0.020541,0.206625,0.774237,-0.025247,0.219735,0.74191,-0.027426,0.195436,0.6729,-0.022773,0.18832,0.63237,-0.021071,0.179525,0.640234,-0.023667,0.202878,0.712874,0.00062,-0.013016,0.122511,-0.01757,0.196675,0.630509,-0.020482,0.192288,0.696305,0.009516,0.190062,0.765941,0.002219,0.190781,0.844657
34,-0.002555,0.183163,0.620808,0.011547,0.01598,0.07061,-0.017572,0.170913,0.574279,0.011551,0.054011,0.14442,-0.002413,0.18173,0.608777,-0.02546,0.158637,0.532467,0.00012,0.174753,0.538404,-0.004863,0.18366,0.670027,0.003329,0.166814,0.555445,-0.011719,0.1973,0.684031,0.015544,0.205277,0.678886,-0.005584,0.174015,0.556009,-0.014557,0.162448,0.548853,0.011588,0.206617,0.708696,-0.011842,0.198342,0.724316,0.003185,0.177798,0.670677,0.009451,0.193722,0.59392,-0.011724,0.189046,0.666218,-0.024943,0.200121,0.66069,-0.01081,0.190908,0.613645,-0.026674,0.194387,0.653126,-0.029814,0.204471,0.623613,-0.029388,0.181369,0.558145,-0.02346,0.173273,0.521786,-0.022302,0.164454,0.53,-0.026543,0.188296,0.596104,0.000618,-0.013043,0.123549,-0.01985,0.178799,0.520759,-0.023377,0.176393,0.582793,0.004398,0.17897,0.647555,-0.00214,0.185338,0.74193
35,-0.004108,0.167188,0.515396,0.009501,0.016749,0.065754,-0.018515,0.154761,0.476558,0.010825,0.049638,0.11902,-0.005452,0.16568,0.51152,-0.021554,0.142465,0.436442,0.002671,0.158714,0.444544,-0.004481,0.170618,0.558359,0.0027,0.150706,0.448802,-0.013171,0.184189,0.578901,0.0096,0.189211,0.570364,-0.007087,0.154338,0.454863,-0.014221,0.144244,0.443956,0.007757,0.191561,0.597819,-0.01323,0.18417,0.609829,-0.001291,0.164048,0.559135,0.004352,0.173501,0.48561,-0.013766,0.176145,0.567217,-0.024167,0.182968,0.548764,-0.014867,0.172229,0.505217,-0.030277,0.177643,0.540587,-0.03097,0.18474,0.514475,-0.028201,0.163099,0.453656,-0.021703,0.15401,0.420853,-0.021618,0.145886,0.429052,-0.027148,0.16964,0.488211,0.000615,-0.013071,0.12459,-0.019803,0.157443,0.420908,-0.023781,0.157013,0.478149,0.001192,0.163612,0.537168,-0.004722,0.175299,0.642961
36,-0.005101,0.148331,0.418734,0.007755,0.017031,0.060208,-0.01776,0.135827,0.38757,0.009986,0.044608,0.096636,-0.006781,0.147,0.421496,-0.016641,0.124633,0.348924,0.004662,0.141161,0.360108,-0.004301,0.153925,0.45518,0.001783,0.132033,0.353239,-0.014228,0.16732,0.481155,0.004632,0.169601,0.469387,-0.007231,0.13286,0.363324,-0.013309,0.124035,0.350153,0.004468,0.173089,0.494715,-0.013955,0.165873,0.502904,-0.005033,0.146716,0.456524,-0.000377,0.15006,0.386437,-0.013623,0.159612,0.475186,-0.022111,0.162041,0.44676,-0.017603,0.150673,0.406513,-0.031043,0.157627,0.438147,-0.029417,0.162106,0.415716,-0.024987,0.141796,0.35984,-0.018603,0.132123,0.330291,-0.01974,0.125079,0.338365,-0.026209,0.148259,0.390067,0.000613,-0.013099,0.125636,-0.018153,0.133801,0.331435,-0.022154,0.135338,0.383459,-0.000041,0.145056,0.436028,-0.005562,0.161161,0.548535
37,-0.005844,0.12788,0.331925,0.006534,0.016893,0.054183,-0.015926,0.115293,0.307804,0.009105,0.039249,0.07756,-0.0065,0.126977,0.339578,-0.011825,0.106019,0.27096,0.005602,0.122914,0.285195,-0.00456,0.134953,0.362291,0.000636,0.111947,0.269821,-0.014982,0.147885,0.39171,0.000332,0.147988,0.377471,-0.006752,0.110812,0.282381,-0.012547,0.103102,0.268229,0.001536,0.152537,0.400706,-0.014293,0.144946,0.405145,-0.008284,0.12726,0.364205,-0.004333,0.125093,0.297333,-0.012467,0.140567,0.390498,-0.020221,0.138966,0.355327,-0.018969,0.127789,0.318108,-0.029775,0.135547,0.346658,-0.025998,0.137881,0.327999,-0.02051,0.118745,0.276628,-0.015098,0.10894,0.250285,-0.017336,0.10313,0.258258,-0.024154,0.125389,0.302179,0.00061,-0.013126,0.126686,-0.014979,0.109267,0.252602,-0.018824,0.112543,0.299547,0.000275,0.124341,0.344966,-0.005524,0.144125,0.459511
38,-0.006465,0.106899,0.255485,0.005888,0.016379,0.047808,-0.013486,0.094219,0.237431,0.008114,0.033858,0.062005,-0.005174,0.106796,0.266226,-0.007781,0.087474,0.202958,0.005513,0.104572,0.219616,-0.005089,0.114796,0.280648,-0.000877,0.091365,0.19893,-0.015302,0.127076,0.311079,-0.002915,0.125466,0.295317,-0.00617,0.089248,0.21212,-0.011807,0.082472,0.198556,-0.001624,0.130956,0.316593,-0.014906,0.122628,0.317393,-0.011156,0.106787,0.282771,-0.006756,0.100054,0.219096,-0.011865,0.120042,0.313532,-0.018932,0.115259,0.274396,-0.01872,0.104869,0.240187,-0.027005,0.112637,0.266424,-0.021436,0.113168,0.2515,-0.015649,0.094947,0.203792,-0.011156,0.085627,0.181047,-0.014231,0.081188,0.189086,-0.020913,0.102073,0.224997,0.000608,-0.013154,0.12774,-0.010564,0.084807,0.184358,-0.014361,0.089652,0.226355,0.001302,0.102637,0.264335,-0.005882,0.125314,0.376278
39,-0.006831,0.086279,0.189605,0.00562,0.015499,0.041183,-0.010724,0.073528,0.176544,0.007144,0.028658,0.05031,-0.003421,0.087326,0.201739,-0.004619,0.069687,0.145189,0.004829,0.086578,0.163162,-0.005806,0.094367,0.210597,-0.002577,0.071204,0.140195,-0.015031,0.10589,0.239641,-0.004921,0.103025,0.223231,-0.005645,0.068985,0.152426,-0.010541,0.063101,0.140872,-0.004938,0.109028,0.242725,-0.015698,0.100063,0.240055,-0.013059,0.086317,0.212452,-0.007382,0.076055,0.152575,-0.012105,0.099046,0.244877,-0.018008,0.092022,0.204113,-0.01698,0.082746,0.17299,-0.02287,0.089876,0.197345,-0.016228,0.088939,0.186065,-0.010706,0.071514,0.141483,-0.006949,0.063357,0.12272,-0.010319,0.060273,0.130659,-0.016781,0.079084,0.158817,0.000605,-0.013181,0.128799,-0.005483,0.061569,0.126718,-0.009619,0.067653,0.163289,0.002292,0.080874,0.194136,-0.006985,0.105622,0.299612
40,-0.00669,0.066693,0.134221,0.005344,0.01428,0.034502,-0.007958,0.054134,0.125278,0.006453,0.023788,0.04265,-0.001714,0.069094,0.14647,-0.002051,0.053029,0.097474,0.003653,0.069,0.115746,-0.006341,0.07441,0.151974,-0.003867,0.052293,0.092636,-0.013866,0.08508,0.177563,-0.005917,0.081316,0.161424,-0.005135,0.050652,0.103202,-0.008659,0.045591,0.094275,-0.007667,0.087499,0.179237,-0.015531,0.078331,0.173667,-0.013308,0.066647,0.15291,-0.006562,0.054069,0.098301,-0.012518,0.07861,0.184847,-0.016865,0.069965,0.144681,-0.014324,0.062059,0.116751,-0.017674,0.068052,0.139205,-0.011154,0.066186,0.130969,-0.006427,0.049717,0.089805,-0.0032,0.043164,0.075601,-0.006084,0.041475,0.083074,-0.012346,0.057432,0.103969,0.000603,-0.013208,0.129861,-0.001064,0.040954,0.079763,-0.005439,0.047594,0.110309,0.003047,0.059998,0.134617,-0.007967,0.085883,0.230437
41,-0.005979,0.048727,0.089049,0.004849,0.01266,0.027761,-0.005568,0.036871,0.083722,0.005899,0.019293,0.038446,-0.000251,0.052436,0.100472,-0.000134,0.037933,0.059555,0.002173,0.051976,0.077109,-0.006005,0.055667,0.103842,-0.004465,0.035651,0.055834,-0.011851,0.065173,0.124854,-0.006167,0.060841,0.109922,-0.00441,0.034653,0.064105,-0.006772,0.030428,0.058048,-0.009007,0.067037,0.125697,-0.013922,0.058165,0.11836,-0.01194,0.048514,0.10351,-0.004978,0.034981,0.056322,-0.012661,0.05957,0.133432,-0.014912,0.05,0.096015,-0.01138,0.04339,0.071565,-0.012368,0.048096,0.09165,-0.006809,0.045953,0.085679,-0.003366,0.030623,0.049318,-0.000486,0.026173,0.040112,-0.002531,0.025769,0.046639,-0.008291,0.038078,0.060703,0.0006,-0.013235,0.130929,0.001543,0.02391,0.043495,-0.002344,0.030234,0.06761,0.003348,0.041069,0.08594,-0.008297,0.06657,0.169026
42,-0.004883,0.032937,0.053721,0.004123,0.01064,0.021065,-0.003708,0.022482,0.051921,0.00525,0.015131,0.036679,0.000755,0.037533,0.063554,0.001002,0.024638,0.031192,0.000729,0.036016,0.046727,-0.004968,0.038895,0.065516,-0.004198,0.021866,0.029022,-0.009463,0.046839,0.081524,-0.005864,0.04227,0.068639,-0.003389,0.021419,0.03472,-0.005153,0.01804,0.031252,-0.008717,0.048206,0.08179,-0.011414,0.040311,0.074084,-0.009513,0.032561,0.064047,-0.003282,0.019587,0.026302,-0.012429,0.042589,0.090711,-0.012053,0.032699,0.057922,-0.008228,0.027308,0.037543,-0.008007,0.030797,0.054084,-0.003321,0.029071,0.050321,-0.00132,0.015664,0.020727,0.000964,0.013216,0.015844,-0.000284,0.013643,0.020891,-0.004934,0.021937,0.02912,0.000597,-0.013262,0.132,0.00248,0.011242,0.018041,-0.00045,0.016388,0.035326,0.003114,0.025024,0.048198,-0.008039,0.04843,0.116168
43,-0.003603,0.019858,0.027742,0.003231,0.008271,0.014692,-0.002305,0.011494,0.029492,0.004427,0.011275,0.036344,0.001296,0.024574,0.035453,0.001373,0.013679,0.0119,-0.000352,0.022077,0.024152,-0.003744,0.024685,0.036515,-0.003262,0.011211,0.010988,-0.006958,0.030717,0.047439,-0.004977,0.026343,0.03732,-0.00227,0.011228,0.014418,-0.003568,0.008755,0.012838,-0.007303,0.031713,0.047638,-0.008572,0.025367,0.040642,-0.006666,0.019286,0.034229,-0.001841,0.008518,0.00711,-0.011597,0.028141,0.056621,-0.008561,0.018598,0.029898,-0.005165,0.014551,0.014376,-0.004648,0.016918,0.026375,-0.000948,0.015902,0.024636,-0.000106,0.005546,0.003281,0.001443,0.004531,0.001389,0.000828,0.005272,0.004704,-0.002392,0.010016,0.008652,0.000595,-0.013288,0.133076,0.002415,0.00308,0.002562,0.00052,0.006658,0.013287,0.002489,0.012697,0.021363,-0.007148,0.032288,0.072673
44,-0.002331,0.00996,0.010318,0.002287,0.005708,0.009031,-0.001266,0.003975,0.015295,0.003454,0.00788,0.036768,0.001408,0.013958,0.015641,0.001263,0.005815,0.000558,-0.000836,0.011228,0.008891,-0.002512,0.013462,0.016131,-0.002153,0.003996,0.000443,-0.004518,0.017438,0.022515,-0.003633,0.013833,0.015529,-0.001293,0.004236,0.002086,-0.002114,0.002678,0.001731,-0.005371,0.018216,0.02292,-0.00573,0.013687,0.017349,-0.00402,0.009297,0.013632,-0.000799,0.001639,-0.003292,-0.009753,0.016494,0.030811,-0.005196,0.008336,0.011061,-0.002695,0.005684,0.000724,-0.002176,0.00707,0.0082,0.000347,0.006618,0.007836,0.000476,-0.000262,-0.005442,0.00137,-0.000415,-0.005587,0.001187,0.000296,-0.003832,-0.000729,0.002466,-0.002526,0.000592,-0.013315,0.134157,0.001895,-0.001337,-0.00515,0.000875,0.000762,0.000287,0.001704,0.004407,0.004591,-0.00562,0.018849,0.038996
45,-0.001272,0.003359,0.000151,0.001429,0.00339,0.004615,-0.000535,-0.000499,0.007617,0.002427,0.005244,0.037483,0.001186,0.006221,0.003289,0.000953,0.000992,-0.004789,-0.000893,0.003914,0.000001,-0.001443,0.005547,0.003394,-0.001196,-0.000142,-0.004478,-0.00248,0.007762,0.00638,-0.002266,0.005227,0.002308,-0.000577,0.000129,-0.004068,-0.001007,-0.00067,-0.003732,-0.003411,0.008307,0.006854,-0.003276,0.005516,0.003003,-0.001977,0.002774,0.001303,-0.000153,-0.001908,-0.007505,-0.00712,0.007893,0.012832,-0.002571,0.001898,0.000131,-0.001001,0.000419,-0.005744,-0.000586,0.001056,-0.001924,0.000871,0.00098,-0.001508,0.000646,-0.002887,-0.008347,0.001057,-0.00262,-0.007677,0.001121,-0.0021,-0.007085,0.000185,-0.001506,-0.007118,0.000589,-0.013341,0.135241,0.00127,-0.003118,-0.007691,0.000871,-0.002167,-0.0059,0.000995,-0.000337,-0.004132,-0.003824,0.008851,0.015561
46,-0.000523,-0.000387,-0.004605,0.000774,0.00164,0.001693,-0.000082,-0.002667,0.004508,0.001521,0.003612,0.038078,0.000842,0.001365,-0.003117,0.000614,-0.001437,-0.006271,-0.000739,-0.000277,-0.004131,-0.000655,0.000731,-0.003262,-0.000508,-0.002007,-0.005797,-0.001032,0.001685,-0.002445,-0.001168,0.000189,-0.004247,-0.000128,-0.001806,-0.006104,-0.00029,-0.00207,-0.00547,-0.001812,0.002017,-0.002017,-0.001475,0.000586,-0.004332,-0.000627,-0.000819,-0.004691,0.000181,-0.003188,-0.007982,-0.004485,0.002294,0.001843,-0.000832,-0.001446,-0.004902,-0.000013,-0.002104,-0.007567,0.000273,-0.001961,-0.00626,0.000931,-0.001814,-0.005491,0.000592,-0.003505,-0.007971,0.000696,-0.003107,-0.007079,0.000869,-0.002811,-0.007213,0.000565,-0.00301,-0.007735,0.000586,-0.013368,0.13633,0.000723,-0.003315,-0.007315,0.000698,-0.003124,-0.007661,0.000463,-0.002474,-0.00735,-0.002221,0.002407,0.001489
47,-0.000069,-0.00205,-0.005885,0.000359,0.000536,0.000582,0.000151,-0.003328,0.004164,0.000844,0.002982,0.038366,0.000512,-0.001167,-0.005463,0.000331,-0.002262,-0.005665,-0.000517,-0.002169,-0.005215,-0.000155,-0.001677,-0.005745,-0.000087,-0.002442,-0.005191,-0.000148,-0.001495,-0.006089,-0.000421,-0.002165,-0.00638,0.000107,-0.002339,-0.005815,0.0001,-0.002285,-0.005136,-0.000702,-0.001322,-0.005749,-0.000338,-0.001847,-0.006922,0.000127,-0.002323,-0.006526,0.000301,-0.003152,-0.006615,-0.002363,-0.000797,-0.003701,0.000138,-0.002676,-0.006183,0.000448,-0.002843,-0.006868,0.000619,-0.002974,-0.007025,0.000765,-0.002723,-0.006183,0.000445,-0.003069,-0.006159,0.000387,-0.002698,-0.005358,0.000578,-0.002589,-0.005847,0.000621,-0.003071,-0.006403,0.000583,-0.013394,0.137423,0.000322,-0.002736,-0.00566,0.00048,-0.002962,-0.006989,0.000123,-0.002966,-0.007357,-0.001028,-0.00109,-0.005396
48,0.000157,-0.002408,-0.005292,0.000192,0.000281,0.001038,0.000237,-0.003156,0.005188,0.000425,0.002969,0.038391,0.000255,-0.002108,-0.005448,0.000133,-0.002177,-0.004221,-0.00031,-0.002609,-0.004663,0.00011,-0.002476,-0.005776,0.000124,-0.002132,-0.00383,0.000295,-0.002687,-0.006582,0.000009,-0.002799,-0.006039,0.000195,-0.002114,-0.004503,0.000258,-0.00191,-0.003918,-0.000044,-0.002614,-0.006335,0.000264,-0.002625,-0.00677,0.000452,-0.002552,-0.006058,0.000297,-0.002507,-0.004656,-0.000898,-0.002099,-0.00559,0.000553,-0.00268,-0.005479,0.000569,-0.002605,-0.005143,0.000656,-0.00285,-0.005971,0.000531,-0.002576,-0.005221,0.000286,-0.002237,-0.004057,0.000165,-0.001959,-0.003468,0.000327,-0.001973,-0.004049,0.000517,-0.002458,-0.004456,0.00058,-0.01342,0.138521,0.00007,-0.001912,-0.003745,0.000283,-0.002305,-0.005301,-0.00006,-0.002594,-0.005871,-0.000264,-0.00251,-0.007544
49,0.00023,-0.002089,-0.003948,0.000186,0.000466,0.001165,0.000237,-0.002632,0.006656,0.000253,0.003145,0.038296,0.000084,-0.002118,-0.004338,0.000014,-0.001691,-0.002687,-0.000151,-0.002285,-0.003463,0.000213,-0.002362,-0.004648,0.000195,-0.001545,-0.002407,0.000444,-0.002709,-0.005501,0.000205,-0.002511,-0.004631,0.000196,-0.001581,-0.002982,0.000278,-0.001342,-0.002547,0.000272,-0.002692,-0.005336,0.000494,-0.002471,-0.00536,0.000511,-0.002141,-0.004614,0.000236,-0.001706,-0.002811,-0.000032,-0.002301,-0.005384,0.000628,-0.002123,-0.004013,0.00051,-0.001964,-0.003295,0.000542,-0.002219,-0.00428,0.000313,-0.001975,-0.003697,0.000154,-0.001393,-0.002253,0.000029,-0.001217,-0.001885,0.000145,-0.001293,-0.002403,0.000361,-0.001664,-0.002634,0.000577,-0.013446,0.139623,-0.000061,-0.001143,-0.002097,0.000134,-0.001543,-0.003465,-0.000133,-0.001897,-0.003992,0.000146,-0.002674,-0.007046
50,0.000218,-0.001518,-0.002526,0.000181,0.000486,0.001004,0.000197,-0.002052,0.008049,0.000233,0.003323,0.03821,-0.000012,-0.001694,-0.002944,-0.000044,-0.001119,-0.001427,-0.000046,-0.001672,-0.002204,0.000219,-0.001842,-0.003199,0.000186,-0.000953,-0.001253,0.000425,-0.002179,-0.003898,0.000253,-0.001858,-0.003024,0.000157,-0.001013,-0.001672,0.000229,-0.000803,-0.001389,0.000365,-0.002187,-0.003799,0.000505,-0.00191,-0.003638,0.000435,-0.001517,-0.003009,0.00016,-0.00099,-0.001387,0.000384,-0.001945,-0.004231,0.000531,-0.001424,-0.002504,0.000378,-0.001266,-0.001767,0.000379,-0.001479,-0.002631,0.000148,-0.00129,-0.002231,0.000061,-0.000718,-0.000958,-0.00004,-0.000625,-0.000768,0.00003,-0.000718,-0.001155,0.000215,-0.000953,-0.00125,0.000574,-0.013471,0.14073,-0.000109,-0.000554,-0.000906,0.000038,-0.000881,-0.001919,-0.00014,-0.001188,-0.002311,0.000309,-0.002218,-0.005409
51,0.000168,-0.000947,-0.001356,0.000151,0.000403,0.000732,0.000147,-0.001564,0.009143,0.000228,0.00346,0.038206,-0.000055,-0.001154,-0.0017,-0.000061,-0.000625,-0.000552,0.000012,-0.001049,-0.001172,0.000179,-0.001233,-0.001886,0.000144,-0.000483,-0.000463,0.000331,-0.001497,-0.002371,0.000222,-0.001173,-0.001659,0.000107,-0.000544,-0.000724,0.000159,-0.000389,-0.000569,0.000335,-0.001513,-0.002318,0.00041,-0.001269,-0.002109,0.000312,-0.00092,-0.001654,0.000093,-0.000458,-0.000444,0.000504,-0.001395,-0.002857,0.000376,-0.000807,-0.00129,0.00024,-0.000685,-0.000699,0.000228,-0.000837,-0.001334,0.000042,-0.000708,-0.001095,0.000006,-0.000259,-0.000163,-0.000064,-0.000223,-0.000094,-0.000029,-0.000306,-0.00034,0.000103,-0.000428,-0.000356,0.000571,-0.013497,0.14184,-0.00011,-0.000168,-0.00017,-0.000015,-0.000396,-0.000814,-0.000115,-0.000619,-0.001062,0.000323,-0.001563,-0.003564
52,0.000111,-0.00049,-0.000538,0.000109,0.000284,0.00046,0.000103,-0.001217,0.009893,0.000208,0.003555,0.038304,-0.000063,-0.00067,-0.000778,-0.000057,-0.000269,-0.000035,0.000036,-0.000547,-0.000456,0.000125,-0.000703,-0.000896,0.000094,-0.000167,-0.000005,0.000222,-0.000879,-0.001184,0.000162,-0.000615,-0.000688,0.000062,-0.000216,-0.000137,0.000094,-0.000118,-0.000074,0.000254,-0.000894,-0.001162,0.000284,-0.000717,-0.000974,0.000192,-0.000456,-0.00069,0.000043,-0.000118,0.000086,0.000462,-0.000862,-0.001649,0.000226,-0.000356,-0.000465,0.000127,-0.000276,-0.000062,0.000111,-0.000369,-0.000461,-0.000016,-0.000293,-0.000346,-0.000021,0.000007,0.000237,-0.000062,0.000008,0.000237,-0.000052,-0.000052,0.00011,0.00003,-0.000099,0.000128,0.000568,-0.013522,0.142956,-0.000088,0.000045,0.000207,-0.000037,-0.000089,-0.000133,-0.00008,-0.000229,-0.000266,0.000266,-0.000944,-0.00199
53,0.000062,-0.000179,-0.000049,0.00007,0.000173,0.000242,0.000069,-0.001006,0.010348,0.000184,0.003615,0.038491,-0.000055,-0.000309,-0.000192,-0.000043,-0.000049,0.000211,0.00004,-0.000203,-0.000031,0.000074,-0.000315,-0.000254,0.000052,0.000012,0.000206,0.000126,-0.000415,-0.000392,0.000101,-0.000231,-0.000099,0.000029,-0.00002,0.000163,0.000045,0.000031,0.000169,0.000165,-0.000426,-0.000389,0.000169,-0.000316,-0.000248,0.000097,-0.000148,-0.000102,0.000011,0.000065,0.000317,0.000352,-0.000442,-0.000755,0.000111,-0.000075,0.00001,0.000049,-0.00003,0.000246,0.000034,-0.000077,0.000039,-0.000039,-0.000042,0.00007,-0.000029,0.000127,0.000373,-0.000048,0.000114,0.000342,-0.000052,0.000078,0.0003,-0.00001,0.000073,0.000323,0.000565,-0.013548,0.144075,-0.00006,0.000135,0.00034,-0.00004,0.000073,0.000214,-0.000048,-0.000001,0.000157,0.000186,-0.000467,-0.000857
54,0.000027,0.000002,0.000188,0.000038,0.000086,0.000094,0.000048,-0.000901,0.010591,0.000166,0.003648,0.038743,-0.000039,-0.000079,0.000119,-0.000028,0.000062,0.000281,0.000034,-0.000002,0.000173,0.000036,-0.000071,0.000098,0.000022,0.000092,0.00026,0.000056,-0.000115,0.000057,0.000052,-0.000007,0.000192,0.000007,0.000075,0.00027,0.000013,0.000093,0.000245,0.00009,-0.000122,0.000049,0.000081,-0.000065,0.000142,0.000033,0.000025,0.000192,-0.000006,0.000138,0.000362,0.00023,-0.000157,-0.000186,0.000035,0.000069,0.000225,0.000003,0.00009,0.000338,-0.000008,0.000075,0.000264,-0.000042,0.000082,0.000247,-0.000027,0.000157,0.000359,-0.000032,0.000139,0.000321,-0.000042,0.000123,0.00033,-0.000026,0.000136,0.000345,0.000562,-0.013573,0.145199,-0.000035,0.00015,0.000333,-0.000034,0.000135,0.000336,-0.000023,0.000105,0.000322,0.000111,-0.00015,-0.000156
55,0.000005,0.000086,0.00026,0.000018,0.000031,0.000028,0.000037,-0.000868,0.010703,0.000156,0.003664,0.039035,-0.000024,0.000044,0.00024,-0.000015,0.000101,0.000256,0.000024,0.000092,0.000233,0.000011,0.000058,0.000244,0.000003,0.000109,0.00023,0.000012,0.000049,0.000256,0.000019,0.000098,0.000286,-0.000004,0.000104,0.000265,-0.000005,0.000102,0.00023,0.000037,0.000044,0.000244,0.000024,0.000066,0.000298,-0.000003,0.0001,0.00029,-0.000013,0.000144,0.000311,0.000128,0.000008,0.000119,-0.000008,0.000121,0.000277,-0.000019,0.000127,0.000312,-0.000027,0.000131,0.000316,-0.000034,0.000122,0.000277,-0.00002,0.000138,0.000279,-0.000018,0.000123,0.000246,-0.000029,0.00012,0.000279,-0.000028,0.000137,0.000283,0.000558,-0.013598,0.146327,-0.000016,0.000126,0.000262,-0.000024,0.000138,0.000328,-0.000007,0.000133,0.000334,0.000054,0.000028,0.000204
56,-0.000006,0.000107,0.000241,0.000009,0.000012,0.000047,0.000032,-0.000874,0.010748,0.000152,0.003669,0.039349,-0.000012,0.000092,0.000247,-0.000006,0.000098,0.000192,0.000015,0.000117,0.000213,-0.000003,0.000107,0.000265,-0.000006,0.000094,0.000168,-0.000011,0.000115,0.000298,-0.000001,0.000125,0.00027,-0.000009,0.000097,0.000209,-0.000012,0.000085,0.000175,0.000005,0.000113,0.000286,-0.000007,0.000114,0.000312,-0.000019,0.000115,0.000276,-0.000014,0.000119,0.000225,0.000055,0.000085,0.00024,-0.000025,0.000119,0.000243,-0.000025,0.000118,0.000236,-0.00003,0.00013,0.000277,-0.000024,0.000115,0.000233,-0.000013,0.000101,0.000184,-0.000008,0.00009,0.000161,-0.000017,0.000095,0.000199,-0.000023,0.000108,0.000195,0.000555,-0.013623,0.14746,-0.000004,0.00009,0.000177,-0.000015,0.000112,0.000259,0.000002,0.000119,0.000272,0.000017,0.000106,0.000331
57,-0.00001,0.000096,0.000184,0.000008,0.000021,0.000056,0.000031,-0.000898,0.010769,0.00015,0.00367,0.03967,-0.000004,0.000096,0.000201,-0.000001,0.000076,0.000123,0.000007,0.000105,0.000161,-0.000009,0.000109,0.000222,-0.000009,0.000068,0.000105,-0.000019,0.000124,0.000258,-0.000009,0.000112,0.000207,-0.000009,0.000074,0.000141,-0.000012,0.00006,0.000113,-0.000011,0.000122,0.000248,-0.000021,0.000114,0.000257,-0.000023,0.000099,0.000214,-0.000011,0.000083,0.00014,0.000009,0.000104,0.000249,-0.000028,0.000094,0.000176,-0.000023,0.00009,0.000153,-0.000025,0.000104,0.000203,-0.000014,0.000088,0.000165,-0.000007,0.000063,0.000103,-0.000002,0.000057,0.000089,-0.000008,0.000065,0.000123,-0.000016,0.000073,0.000115,0.000552,-0.013647,0.148597,0.000002,0.000055,0.000101,-0.000008,0.000078,0.000176,0.000006,0.000088,0.000188,-0.000004,0.000121,0.000325
58,-0.00001,0.000071,0.00012,0.000008,0.000023,0.000049,0.000032,-0.000925,0.010791,0.000149,0.003669,0.039992,0,0.000078,0.000138,0.000002,0.000051,0.000066,0.000002,0.000078,0.000104,-0.00001,0.000088,0.000158,-0.000008,0.000042,0.000054,-0.00002,0.000103,0.000188,-0.000011,0.000083,0.000135,-0.000007,0.000048,0.000081,-0.00001,0.000036,0.000062,-0.000016,0.000102,0.00018,-0.000023,0.000092,0.00018,-0.00002,0.000071,0.000142,-0.000008,0.00005,0.000072,-0.000014,0.000093,0.000205,-0.000023,0.000062,0.000109,-0.000017,0.000059,0.000083,-0.000018,0.000071,0.000128,-0.000007,0.000057,0.000099,-0.000003,0.000033,0.000044,0.000002,0.000029,0.000037,-0.000002,0.000037,0.000063,-0.000009,0.000041,0.000054,0.000548,-0.013672,0.149738,0.000005,0.000027,0.000045,-0.000003,0.000047,0.000102,0.000006,0.000056,0.000111,-0.000013,0.000104,0.000257
59,-0.000008,0.000045,0.000066,0.000007,0.00002,0.000037,0.000034,-0.000949,0.010826,0.000147,0.003669,0.040311,0.000002,0.000054,0.000081,0.000003,0.000028,0.000026,0,0.00005,0.000057,-0.000009,0.000061,0.000097,-0.000006,0.000021,0.00002,-0.000016,0.000073,0.000118,-0.00001,0.000052,0.000074,-0.000005,0.000026,0.000036,-0.000007,0.000017,0.000025,-0.000015,0.000072,0.000113,-0.00002,0.000063,0.000108,-0.000015,0.000044,0.00008,-0.000005,0.000024,0.000026,-0.000022,0.000069,0.000144,-0.000016,0.000035,0.000056,-0.000011,0.000032,0.000034,-0.000011,0.000041,0.000067,-0.000002,0.000031,0.000049,0,0.000012,0.000008,0.000003,0.000011,0.000006,0.000001,0.000017,0.000022,-0.000004,0.000018,0.000015,0.000545,-0.013696,0.150884,0.000005,0.000009,0.00001,0,0.000023,0.000048,0.000005,0.00003,0.000052,-0.000015,0.000076,0.000174
60,-0.000005,0.000024,0.000028,0.000005,0.000014,0.000023,0.000036,-0.000967,0.010877,0.000146,0.003671,0.040628,0.000003,0.000032,0.000038,0.000003,0.000012,0.000002,-0.000002,0.000027,0.000023,-0.000006,0.000036,0.000049,-0.000004,0.000007,0,-0.000011,0.000044,0.000062,-0.000007,0.000027,0.000031,-0.000003,0.000011,0.000008,-0.000004,0.000005,0.000003,-0.000012,0.000044,0.000058,-0.000014,0.000037,0.000053,-0.000009,0.000022,0.000035,-0.000002,0.000007,-0.000001,-0.000022,0.000045,0.000087,-0.00001,0.000015,0.00002,-0.000006,0.000013,0.000004,-0.000006,0.000019,0.000025,0.000001,0.000013,0.000015,0.000001,0,-0.00001,0.000003,0,-0.00001,0.000002,0.000004,-0.000002,-0.000001,0.000004,-0.000006,0.000541,-0.013721,0.152034,0.000004,-0.000001,-0.000008,0.000001,0.000007,0.000012,0.000004,0.000012,0.000015,-0.000013,0.000047,0.000101
61,-0.000003,0.000009,0.000004,0.000003,0.000009,0.000013,0.000037,-0.000979,0.010941,0.000144,0.003674,0.040942,0.000003,0.000015,0.000011,0.000002,0.000002,-0.000009,-0.000002,0.00001,0.000003,-0.000004,0.000017,0.000016,-0.000002,-0.000001,-0.000009,-0.000006,0.000022,0.000023,-0.000004,0.00001,0.000004,-0.000001,0.000002,-0.000006,-0.000002,-0.000001,-0.000008,-0.000008,0.000022,0.000021,-0.000009,0.000018,0.000017,-0.000005,0.000008,0.000007,-0.000001,-0.000002,-0.000013,-0.000017,0.000024,0.000043,-0.000005,0.000003,-0.000001,-0.000002,0.000002,-0.00001,-0.000002,0.000005,0.000001,0.000002,0.000002,-0.000003,0.000001,-0.000006,-0.000017,0.000002,-0.000005,-0.000015,0.000002,-0.000003,-0.000012,0,-0.000003,-0.000015,0.000537,-0.013745,0.153189,0.000003,-0.000006,-0.000015,0.000002,-0.000002,-0.000007,0.000002,0.000001,-0.000006,-0.000009,0.000024,0.000046
62,-0.000001,0.000001,-0.000007,0.000002,0.000005,0.000005,0.000038,-0.000986,0.011016,0.000143,0.003679,0.041254,0.000002,0.000004,-0.000004,0.000001,-0.000003,-0.000012,-0.000002,0.000001,-0.000007,-0.000002,0.000005,-0.000002,-0.000001,-0.000004,-0.000011,-0.000003,0.000007,0,-0.000002,0,-0.000009,0,-0.000003,-0.000012,-0.000001,-0.000004,-0.000011,-0.000004,0.000007,0,-0.000004,0.000005,-0.000004,-0.000002,-0.000001,-0.000008,0,-0.000006,-0.000016,-0.000012,0.00001,0.000014,-0.000001,-0.000003,-0.00001,0,-0.000004,-0.000015,0,-0.000003,-0.000011,0.000002,-0.000004,-0.000011,0.000001,-0.000007,-0.000016,0.000001,-0.000006,-0.000015,0.000002,-0.000005,-0.000015,0.000001,-0.000006,-0.000015,0.000534,-0.013769,0.154348,0.000002,-0.000007,-0.000015,0.000002,-0.000006,-0.000014,0.000001,-0.000004,-0.000014,-0.000006,0.000009,0.000011
63,0,-0.000003,-0.000011,0.000001,0.000002,0.000001,0.000038,-0.00099,0.011097,0.000142,0.003685,0.041565,0.000001,-0.000002,-0.00001,0.000001,-0.000005,-0.000011,-0.000001,-0.000004,-0.00001,-0.000001,-0.000002,-0.00001,0,-0.000005,-0.00001,-0.000001,-0.000001,-0.00001,-0.000001,-0.000004,-0.000013,0,-0.000005,-0.000012,0,-0.000005,-0.00001,-0.000002,-0.000001,-0.00001,-0.000002,-0.000002,-0.000013,0,-0.000004,-0.000013,0.000001,-0.000007,-0.000015,-0.000007,0.000001,-0.000003,0,-0.000005,-0.000012,0.000001,-0.000006,-0.000014,0.000001,-0.000006,-0.000014,0.000002,-0.000005,-0.000012,0.000001,-0.000006,-0.000013,0.000001,-0.000006,-0.000011,0.000001,-0.000006,-0.000013,0.000001,-0.000006,-0.000013,0.00053,-0.013793,0.155511,0.000001,-0.000006,-0.000012,0.000001,-0.000006,-0.000015,0,-0.000006,-0.000015,-0.000003,0,-0.000007
64,0,-0.000005,-0.000011,0,0.000001,0.000002,0.000038,-0.000991,0.011181,0.000141,0.003691,0.041877,0.000001,-0.000004,-0.000011,0,-0.000004,-0.000009,-0.000001,-0.000005,-0.00001,0,-0.000005,-0.000012,0,-0.000004,-0.000007,0,-0.000005,-0.000013,0,-0.000006,-0.000012,0,-0.000004,-0.00001,0.000001,-0.000004,-0.000008,0,-0.000005,-0.000013,0,-0.000005,-0.000014,0.000001,-0.000005,-0.000013,0.000001,-0.000006,-0.000011,-0.000003,-0.000003,-0.00001,0.000001,-0.000005,-0.000011,0.000001,-0.000005,-0.000011,0.000001,-0.000006,-0.000013,0.000001,-0.000005,-0.000011,0.000001,-0.000005,-0.000008,0,-0.000004,-0.000008,0.000001,-0.000005,-0.00001,0.000001,-0.000005,-0.000009,0.000526,-0.013816,0.156679,0,-0.000004,-0.000008,0.000001,-0.000005,-0.000013,0,-0.000005,-0.000013,-0.000001,-0.000004,-0.000014
65,0,-0.000004,-0.000009,0,0.000001,0.000003,0.000038,-0.000992,0.011268,0.00014,0.003698,0.04219,0,-0.000004,-0.00001,0,-0.000003,-0.000006,0,-0.000005,-0.000008,0,-0.000005,-0.000011,0,-0.000003,-0.000005,0.000001,-0.000006,-0.000012,0,-0.000005,-0.000009,0,-0.000003,-0.000007,0.000001,-0.000003,-0.000005,0,-0.000006,-0.000012,0.000001,-0.000005,-0.000012,0.000001,-0.000005,-0.00001,0.000001,-0.000004,-0.000007,-0.000001,-0.000005,-0.000011,0.000001,-0.000004,-0.000008,0.000001,-0.000004,-0.000007,0.000001,-0.000005,-0.00001,0.000001,-0.000004,-0.000007,0,-0.000003,-0.000005,0,-0.000003,-0.000004,0,-0.000003,-0.000006,0.000001,-0.000003,-0.000005,0.000523,-0.01384,0.157851,0,-0.000003,-0.000005,0,-0.000004,-0.000009,0,-0.000004,-0.000009,0,-0.000005,-0.000015
66,0,-0.000003,-0.000006,0,0.000001,0.000002,0.000037,-0.000993,0.011354,0.000139,0.003704,0.042503,0,-0.000004,-0.000007,0,-0.000002,-0.000003,0,-0.000004,-0.000005,0,-0.000004,-0.000008,0,-0.000002,-0.000003,0.000001,-0.000005,-0.000009,0.000001,-0.000004,-0.000006,0,-0.000002,-0.000004,0,-0.000002,-0.000003,0.000001,-0.000005,-0.000009,0.000001,-0.000004,-0.000009,0.000001,-0.000003,-0.000007,0,-0.000003,-0.000004,0,-0.000004,-0.00001,0.000001,-0.000003,-0.000005,0.000001,-0.000003,-0.000004,0.000001,-0.000003,-0.000006,0,-0.000003,-0.000005,0,-0.000002,-0.000002,0,-0.000001,-0.000002,0,-0.000002,-0.000003,0,-0.000002,-0.000002,0.000519,-0.013863,0.159027,0,-0.000001,-0.000002,0,-0.000002,-0.000005,0,-0.000003,-0.000005,0.000001,-0.000005,-0.000012
67,0,-0.000002,-0.000003,0,0.000001,0.000002,0.000037,-0.000993,0.011441,0.000138,0.003711,0.042818,0,-0.000003,-0.000005,0,-0.000001,-0.000001,0,-0.000002,-0.000003,0,-0.000003,-0.000005,0,-0.000001,-0.000001,0.000001,-0.000004,-0.000006,0,-0.000002,-0.000003,0,-0.000001,-0.000002,0,-0.000001,-0.000001,0.000001,-0.000003,-0.000006,0.000001,-0.000003,-0.000006,0.000001,-0.000002,-0.000004,0,-0.000001,-0.000002,0.000001,-0.000003,-0.000007,0.000001,-0.000002,-0.000002,0.000001,-0.000002,-0.000002,0.000001,-0.000002,-0.000003,0,-0.000001,-0.000002,0,-0.000001,0,0,-0.000001,0,0,-0.000001,-0.000001,0,-0.000001,-0.000001,0.000515,-0.013886,0.160208,0,-0.000001,0,0,-0.000001,-0.000003,0,-0.000001,-0.000003,0.000001,-0.000004,-0.000008
68,0,-0.000001,-0.000001,0,0.000001,0.000001,0.000037,-0.000994,0.011527,0.000136,0.003717,0.043134,0,-0.000002,-0.000002,0,-0.000001,0,0,-0.000001,-0.000001,0,-0.000002,-0.000002,0,0,0,0,-0.000002,-0.000003,0,-0.000001,-0.000001,0,-0.000001,0,0,0,0,0.000001,-0.000002,-0.000003,0.000001,-0.000002,-0.000003,0,-0.000001,-0.000001,0,-0.000001,0,0.000001,-0.000002,-0.000004,0,-0.000001,-0.000001,0,-0.000001,0,0,-0.000001,-0.000001,0,-0.000001,-0.000001,0,0,0.000001,0,0,0.000001,0,0,0,0,0,0,0.000511,-0.013909,0.161394,0,0,0.000001,0,-0.000001,0,0,-0.000001,-0.000001,0.000001,-0.000002,-0.000005
69,0,-0.000001,0,0,0,0.000001,0.000036,-0.000995,0.011614,0.000135,0.003723,0.043452,0,-0.000001,0,0,0,0.000001,0,-0.000001,0,0,-0.000001,-0.000001,0,0,0,0,-0.000001,-0.000001,0,-0.000001,0,0,0,0.000001,0,0,0.000001,0,-0.000001,-0.000001,0,-0.000001,-0.000001,0,0,0,0,0,0.000001,0.000001,-0.000001,-0.000002,0,0,0,0,0,0.000001,0,0,0,0,0,0.000001,0,0,0.000001,0,0,0.000001,0,0,0.000001,0,0,0.000001,0.000507,-0.013932,0.162583,0,0,0.000002,0,0,0.000001,0,0,0.000001,0,-0.000001,-0.000002
70,0,0,0.000001,0,0,0,0.000036,-0.000997,0.0117,0.000134,0.00373,0.043771,0,0,0.000001,0,0,0.000002,0,0,0.000001,0,0,0.000001,0,0,0.000001,0,-0.000001,0.000001,0,0,0.000001,0,0,0.000001,0,0,0.000001,0,0,0.000001,0,0,0.000001,0,0,0.000002,0,0,0.000002,0.000001,-0.000001,0,0,0,0.000001,0,0,0.000002,0,0,0.000001,0,0,0.000001,0,0,0.000002,0,0,0.000002,0,0,0.000002,0,0,0.000001,0.000503,-0.013955,0.163777,0,0,0.000002,0,0,0.000002,0,0,0.000002,0,-0.000001,0.000001
71,0,0,0.000002,0,0,0,0.000036,-0.000998,0.011786,0.000133,0.003736,0.044091,0,0,0.000002,0,0,0.000002,0,0,0.000002,0,0,0.000002,0,0,0.000002,0,0,0.000002,0,0,0.000002,0,0,0.000002,0,0,0.000002,0,0,0.000002,0,0,0.000002,0,0,0.000002,0,0,0.000002,0,0,0.000002,0,0,0.000002,0,0,0.000002,0,0,0.000002,0,0,0.000002,0,0,0.000002,0,0,0.000003,0,0,0.000003,0,0,0.000002,0.000498,-0.013978,0.164975,0,0,0.000003,0,0,0.000003,0,0,0.000002,0,0,0.000002
72,0,0,0.000003,0,0,0,0.000035,-0.001,0.011873,0.000132,0.003742,0.044412,0,0,0.000003,0,0,0.000003,0,0,0.000002,0,0,0.000003,0,0,0.000002,0,0,0.000002,0,0,0.000003,0,0,0.000003,0,0,0.000002,0,0,0.000003,0,0,0.000003,0,0,0.000003,0,0,0.000003,0,0,0.000002,0,0,0.000002,0,0,0.000003,0,0,0.000002,0,0,0.000003,0,0,0.000003,0,0,0.000003,0,0,0.000003,0,0,0.000002,0.000494,-0.014,0.166178,0,0,0.000003,0,0,0.000003,0,0,0.000003,0,0,0.000003
73,0,0,0.000003,0,0,0,0.000035,-0.001001,0.011959,0.000131,0.003748,0.044735,0,0,0.000004,0,0,0.000003,0,0,0.000003,0,0.000001,0.000003,0,0,0.000003,0,0.000001,0.000003,0,0,0.000003,0,0,0.000003,0,0,0.000003,0,0,0.000003,0,0,0.000003,0,0,0.000003,0,0,0.000003,0,0.000001,0.000003,0,0,0.000003,0,0,0.000003,0,0.000001,0.000003,0,0,0.000003,0,0,0.000003,0,0,0.000004,0,0.000001,0.000003,0,0,0.000003,0.00049,-0.014022,0.167385,0,0.000001,0.000003,0,0.000001,0.000003,0,0,0.000003,0,0.000001,0.000004
74,0,0.000001,0.000003,0,0,0.000001,0.000035,-0.001002,0.012045,0.00013,0.003754,0.045059,0,0.000001,0.000003,0,0,0.000002,0,0.000001,0.000003,0,0.000001,0.000002,0,0,0.000003,0,0.000001,0.000002,0,0,0.000003,0,0.000001,0.000003,0,0,0.000002,0,0.000001,0.000003,0,0,0.000003,0,0.000001,0.000002,0,0.000001,0.000002,0,0.000001,0.000003,0,0.000001,0.000003,0,0.000001,0.000003,0,0.000001,0.000002,0,0,0.000003,0,0.000001,0.000002,0,0.000001,0.000003,0,0.000001,0.000002,0,0,0.000003,0.000486,-0.014045,0.168597,0,0.000001,0.000002,0,0.000001,0.000002,0,0.000001,0.000003,0,0.000001,0.000003
75,0,0.000001,0.000001,0,0,0.000001,0.000034,-0.001004,0.01213,0.000129,0.00376,0.045384,0,0.000001,0.000001,0,0.000001,0,0,0.000001,0.000002,0.000001,0.000001,0,0,0,0.000003,0,0.000001,0,0,0.000001,0.000001,0,0.000001,0.000001,0,0.000001,0.000001,0,0.000001,0.000001,0,0.000001,0.000001,0.000001,0.000001,-0.000001,0,0.000001,0,0,0.000002,0.000001,0,0.000001,0.000002,0,0.000001,0.000001,0,0.000001,0.000001,0,0.000001,0.000002,0,0.000001,0,0,0.000001,0,0,0.000001,0,0,0,0.000002,0.000481,-0.014067,0.169813,0,0.000001,-0.000002,0,0.000002,-0.000001,0,0.000001,0.000001,0,0.000002,0
76,0,0.000001,-0.000003,0,0,0.000002,0.000034,-0.001005,0.012213,0.000127,0.003766,0.045711,0,0.000001,-0.000005,0,0.000001,-0.000005,0,0.000001,-0.000001,0.000001,0.000002,-0.000005,0,0.000001,0.000001,0.000001,0.000002,-0.000003,0,0.000001,-0.000003,0,0.000001,-0.000003,0,0.000001,-0.000003,0,0.000001,-0.000003,0,0.000001,-0.000003,0.000001,0.000001,-0.000006,0.000001,0.000002,-0.000004,0,0.000002,-0.000003,0,0.000002,-0.000001,0,0.000002,-0.000002,0,0.000002,-0.000002,-0.000001,0.000001,-0.000002,0,0.000002,-0.000005,0,0.000001,-0.000007,0,0.000002,-0.000005,0,0.000001,-0.000001,0.000477,-0.014088,0.171033,0,0.000002,-0.000008,0,0.000002,-0.000007,0,0.000002,-0.000003,0,0.000002,-0.000005
77,0.000001,0.000001,-0.00001,0.000001,0.000001,0.000003,0.000034,-0.001006,0.012294,0.000126,0.003772,0.046041,0.000001,0.000002,-0.000013,0,0.000001,-0.000013,0.000001,0.000002,-0.000008,0.000002,0.000003,-0.000013,0.000001,0.000001,-0.000004,0.000001,0.000002,-0.000009,0,0.000001,-0.00001,0,0.000001,-0.00001,0,0.000001,-0.000009,0,0.000001,-0.00001,0,0.000001,-0.00001,0.000002,0.000001,-0.000015,0.000001,0.000002,-0.00001,0,0.000003,-0.000009,0,0.000002,-0.000007,0,0.000002,-0.000008,0,0.000003,-0.000007,-0.000001,0.000002,-0.000009,0.000001,0.000002,-0.000013,0,0.000002,-0.000017,0.000001,0.000002,-0.000013,0,0.000001,-0.000007,0.000472,-0.01411,0.172258,0,0.000002,-0.000018,0,0.000002,-0.000016,0,0.000002,-0.00001,0,0.000003,-0.000014
78,0.000001,0.000002,-0.000021,0.000001,0.000001,0.000004,0.000034,-0.001007,0.012371,0.000125,0.003777,0.046372,0.000001,0.000002,-0.000026,0.000001,0.000002,-0.000025,0.000001,0.000002,-0.000017,0.000003,0.000003,-0.000025,0.000001,0.000001,-0.000013,0.000001,0.000002,-0.000019,0.000001,0.000002,-0.00002,0,0.000001,-0.000021,0,0.000001,-0.000019,0,0.000001,-0.000021,0.000001,0.000001,-0.00002,0.000002,0.000001,-0.000026,0.000001,0.000002,-0.00002,0.000001,0.000003,-0.000019,0,0.000002,-0.000016,0,0.000002,-0.000018,0,0.000003,-0.000015,-0.000001,0.000002,-0.000021,0.000001,0.000002,-0.000025,0,0.000002,-0.000032,0,0.000002,-0.000024,0,0.000001,-0.000017,0.000468,-0.014132,0.173487,0,0.000002,-0.000032,0,0.000002,-0.000027,0,0.000002,-0.000021,0,0.000003,-0.000027
79,0.000001,0.000001,-0.000034,0.000001,0.000001,0.000005,0.000033,-0.00101,0.012446,0.000124,0.003783,0.046706,0.000002,0.000002,-0.000042,0.000001,0.000002,-0.000041,0.000001,0.000002,-0.000031,0.000003,0.000002,-0.000039,0.000001,0.000001,-0.000026,0.000001,0.000001,-0.00003,0.000001,0.000001,-0.000034,0.000001,0.000001,-0.000035,0.000001,0,-0.000031,0.000001,0,-0.000034,0.000002,0.000001,-0.000033,0.000002,0,-0.000039,0.000002,0.000001,-0.000032,0.000001,0.000002,-0.000031,0,0.000002,-0.00003,0,0.000002,-0.000031,0,0.000002,-0.000026,-0.000001,0.000002,-0.000036,0.000002,0.000001,-0.000041,0.000001,0.000001,-0.00005,0,0.000001,-0.000039,0,0.000001,-0.000031,0.000463,-0.014153,0.17472,0,0,-0.000048,0.000001,0,-0.000041,0,0.000002,-0.000035,0,0.000002,-0.000044
80,0.000002,0,-0.000048,0.000001,0.000001,0.000005,0.000033,-0.001013,0.01252,0.000122,0.003788,0.047041,0.000003,0.000001,-0.000058,0.000001,0.000002,-0.000055,0.000002,0.000001,-0.000046,0.000003,0,-0.000052,0.000001,0,-0.000041,0.000001,-0.000002,-0.000042,0.000001,0,-0.000048,0.000002,-0.000001,-0.00005,0.000001,-0.000001,-0.000043,0.000002,-0.000001,-0.000047,0.000003,0,-0.000047,0.000001,-0.000002,-0.00005,0.000001,-0.000001,-0.000045,0.000002,-0.000001,-0.000044,0,0,-0.000045,0.000001,-0.000001,-0.000046,0.000001,0,-0.000038,0,0.000001,-0.000054,0.000002,-0.000001,-0.000055,0.000001,-0.000001,-0.000067,-0.000001,-0.000002,-0.000054,0,0.000001,-0.000048,0.000459,-0.014174,0.175958,0.000001,-0.000003,-0.000061,0.000001,-0.000004,-0.000053,0.000001,0,-0.000051,0.000001,-0.000001,-0.00006
81,0.000001,-0.000003,-0.000057,0.000002,0.000002,0.000005,0.000034,-0.001019,0.0126,0.000121,0.003792,0.047375,0.000003,-0.000002,-0.000067,0.000001,0,-0.000061,0.000001,-0.000002,-0.000057,0.000001,-0.000005,-0.000059,0,-0.000002,-0.000055,-0.000001,-0.000006,-0.000048,0.000001,-0.000002,-0.000058,0.000003,-0.000004,-0.000061,0,-0.000003,-0.000051,0.000003,-0.000004,-0.000056,0.000004,-0.000002,-0.000058,-0.000001,-0.000005,-0.000052,0,-0.000005,-0.000052,0.000002,-0.000006,-0.000053,0,-0.000004,-0.000059,0.000001,-0.000005,-0.000058,0.000002,-0.000005,-0.000047,0.000002,-0.000002,-0.000069,0.000002,-0.000007,-0.000063,0.000001,-0.000005,-0.000075,-0.000002,-0.000007,-0.000063,0,-0.000001,-0.000063,0.000454,-0.014195,0.1772,0.000001,-0.000008,-0.000063,0.000002,-0.00001,-0.000056,0.000003,-0.000004,-0.000062,0.000003,-0.000006,-0.000068
82,0,-0.000008,-0.000051,0.000003,0.000003,0.000008,0.000034,-0.001028,0.012695,0.00012,0.003796,0.047707,0.000001,-0.000007,-0.000058,0.000001,-0.000004,-0.000047,0,-0.000007,-0.000058,-0.000004,-0.000013,-0.000049,-0.000001,-0.000005,-0.000062,-0.000004,-0.000013,-0.000041,0,-0.000007,-0.000053,0.000004,-0.000009,-0.000058,0,-0.000007,-0.000045,0.000004,-0.000008,-0.000051,0.000004,-0.000004,-0.000055,-0.000005,-0.00001,-0.000034,-0.000002,-0.000011,-0.000046,0.000003,-0.000016,-0.000051,0,-0.000011,-0.000062,0.000002,-0.000013,-0.000058,0.000004,-0.000014,-0.000047,0.000004,-0.000007,-0.000069,0.000001,-0.000015,-0.000051,0,-0.000011,-0.000058,-0.000004,-0.000015,-0.000056,0.000001,-0.000005,-0.000066,0.000449,-0.014216,0.178447,0.000002,-0.000016,-0.00004,0.000002,-0.000019,-0.000039,0.000005,-0.000011,-0.000059,0.000005,-0.000016,-0.000058
83,-0.000003,-0.000015,-0.000015,0.000006,0.000005,0.000017,0.000034,-0.001039,0.01282,0.000118,0.003799,0.048031,-0.000001,-0.000015,-0.000012,0,-0.000011,0.000005,-0.000003,-0.000015,-0.000034,-0.000013,-0.000025,-0.000006,-0.000004,-0.00001,-0.000047,-0.000008,-0.000022,-0.00001,-0.000001,-0.000014,-0.000019,0.000005,-0.000015,-0.000026,-0.000002,-0.000012,-0.000013,0.000005,-0.000014,-0.000018,0.000004,-0.000008,-0.000028,-0.000012,-0.000015,0.000021,-0.000006,-0.000021,-0.000013,0.000002,-0.000031,-0.000024,0,-0.000022,-0.00004,0.000002,-0.000024,-0.000033,0.000006,-0.000027,-0.000027,0.000008,-0.000016,-0.000039,-0.000001,-0.000026,-0.000002,-0.000001,-0.000021,0.000003,-0.000006,-0.000025,-0.000017,0.000001,-0.00001,-0.000043,0.000444,-0.014237,0.179698,0.000003,-0.000026,0.000028,0.000003,-0.000031,0.000012,0.000007,-0.00002,-0.000028,0.000007,-0.000029,-0.000011
84,-0.000008,-0.000024,0.000067,0.000009,0.000007,0.000033,0.000034,-0.001052,0.012992,0.000117,0.003801,0.048342,-0.000007,-0.000026,0.000093,-0.000002,-0.00002,0.000116,-0.000008,-0.000025,0.000033,-0.000026,-0.00004,0.000088,-0.000008,-0.000016,0.000006,-0.000014,-0.000033,0.000062,-0.000004,-0.000022,0.000064,0.000005,-0.000023,0.000054,-0.000004,-0.000018,0.000064,0.000005,-0.000019,0.00006,0.000001,-0.000013,0.000043,-0.000022,-0.00002,0.000129,-0.000013,-0.000032,0.000062,0,-0.000048,0.000042,0,-0.000035,0.000026,0.000003,-0.000037,0.000036,0.000007,-0.000044,0.000029,0.000014,-0.000027,0.000044,-0.000005,-0.000039,0.000104,-0.000002,-0.000032,0.000134,-0.000009,-0.000037,0.000072,0.000001,-0.000016,0.000026,0.000439,-0.014257,0.180953,0.000003,-0.000037,0.000161,0.000002,-0.000043,0.000117,0.000009,-0.000032,0.000053,0.000009,-0.000046,0.000094
85,-0.000014,-0.000032,0.000216,0.000013,0.000011,0.000055,0.000032,-0.001064,0.013231,0.000116,0.003803,0.048636,-0.000017,-0.000037,0.000277,-0.000006,-0.000032,0.000304,-0.000015,-0.000036,0.000163,-0.000042,-0.000055,0.00025,-0.000013,-0.000023,0.00012,-0.000021,-0.000041,0.00019,-0.000008,-0.000031,0.000215,0.000001,-0.000029,0.000202,-0.000007,-0.000022,0.000203,0.000001,-0.000023,0.000202,-0.000005,-0.000018,0.000175,-0.000034,-0.000023,0.000306,-0.00002,-0.000043,0.000197,-0.000004,-0.000065,0.000166,-0.000001,-0.000048,0.000159,0.000002,-0.000049,0.00017,0.000008,-0.00006,0.000135,0.000019,-0.000039,0.000204,-0.000012,-0.000049,0.000289,-0.000005,-0.000041,0.000358,-0.000011,-0.000045,0.000232,0.000001,-0.000024,0.000166,0.000434,-0.014278,0.182213,0.000002,-0.000043,0.000378,0,-0.00005,0.000289,0.000009,-0.000044,0.000203,0.000009,-0.000061,0.000279
86,-0.000023,-0.000035,0.000441,0.000016,0.000014,0.00008,0.000029,-0.001069,0.013548,0.000116,0.003808,0.048909,-0.000029,-0.000046,0.000554,-0.000012,-0.000043,0.000576,-0.000024,-0.000045,0.000371,-0.00006,-0.000064,0.000489,-0.000017,-0.000027,0.000314,-0.000026,-0.000041,0.00038,-0.000014,-0.000037,0.000447,-0.000006,-0.00003,0.000434,-0.00001,-0.000022,0.000412,-0.000006,-0.000021,0.000419,-0.000016,-0.000021,0.000382,-0.000045,-0.000017,0.000553,-0.000029,-0.000048,0.000401,-0.000012,-0.000074,0.000358,-0.000001,-0.000054,0.000375,0,-0.000053,0.000383,0.000006,-0.000069,0.000304,0.000021,-0.000049,0.000462,-0.000022,-0.000049,0.000559,-0.000008,-0.000044,0.000684,-0.000011,-0.000044,0.000476,0.000001,-0.000029,0.000396,0.000429,-0.014298,0.183477,-0.000002,-0.000039,0.000679,-0.000005,-0.000045,0.000535,0.000006,-0.00005,0.000437,0.000006,-0.000069,0.000554
87,-0.000031,-0.000028,0.000734,0.000017,0.000017,0.000103,0.000024,-0.001057,0.013934,0.000116,0.003817,0.049163,-0.000044,-0.000044,0.000908,-0.000019,-0.000047,0.000908,-0.000033,-0.000043,0.000657,-0.000073,-0.000055,0.000794,-0.00002,-0.000024,0.000594,-0.000026,-0.000025,0.000626,-0.000021,-0.000032,0.000749,-0.000019,-0.000018,0.000745,-0.000012,-0.000012,0.000682,-0.00002,-0.000008,0.000704,-0.000033,-0.000018,0.000662,-0.000049,0.000001,0.000844,-0.000034,-0.000037,0.000667,-0.000023,-0.000062,0.000616,-0.000002,-0.000043,0.000677,-0.000004,-0.00004,0.000675,0,-0.000059,0.000537,0.000017,-0.000046,0.000813,-0.000034,-0.000028,0.000897,-0.000011,-0.000031,0.001087,-0.000006,-0.000023,0.000793,-0.000001,-0.000027,0.000718,0.000424,-0.014318,0.184745,-0.000008,-0.000012,0.001033,-0.000012,-0.000016,0.000833,-0.000004,-0.000041,0.00075,-0.000003,-0.000055,0.000905
88,-0.000035,0,0.001044,0.000017,0.000022,0.000114,0.000015,-0.001015,0.014339,0.000117,0.003835,0.049413,-0.000056,-0.000021,0.001275,-0.000025,-0.000037,0.001224,-0.000038,-0.00002,0.000987,-0.000069,-0.000015,0.001108,-0.000017,-0.000005,0.000936,-0.000015,0.000021,0.000885,-0.000025,-0.000007,0.001068,-0.000038,0.000014,0.001088,-0.000012,0.000015,0.000962,-0.00004,0.000023,0.001012,-0.000055,-0.000004,0.00098,-0.000036,0.000041,0.001102,-0.00003,0.000001,0.00095,-0.000037,-0.000011,0.000908,-0.000002,0.000002,0.001028,-0.000011,0.000007,0.001009,-0.000015,-0.000012,0.000804,0,-0.000021,0.001211,-0.000044,0.00003,0.001229,-0.000014,0.000012,0.001478,0.000008,0.000031,0.001135,-0.000004,-0.00001,0.001093,0.000419,-0.014338,0.186018,-0.000018,0.00005,0.001344,-0.000023,0.000053,0.001119,-0.000023,-0.000004,0.001098,-0.000022,-0.000002,0.001271
89,-0.000029,0.000061,0.001257,0.00003,0.000032,0.000115,0.000004,-0.000927,0.014647,0.00012,0.003866,0.049692,-0.000058,0.000038,0.001509,-0.000028,0.000003,0.001363,-0.000032,0.000037,0.001266,-0.000033,0.000078,0.00131,-0.000002,0.000037,0.001255,0.000015,0.000111,0.00106,-0.000024,0.00005,0.001281,-0.000064,0.000078,0.001352,-0.000005,0.000067,0.001137,-0.000066,0.00008,0.001236,-0.000078,0.000027,0.001244,0.000008,0.000109,0.001177,-0.00001,0.000082,0.001151,-0.000052,0.000102,0.001149,-0.000002,0.000099,0.001325,-0.000021,0.000104,0.001285,-0.000039,0.000094,0.001031,-0.000036,0.000044,0.001532,-0.000048,0.000143,0.001402,-0.000014,0.000099,0.001672,0.000034,0.000133,0.001386,-0.000009,0.00003,0.001414,0.000414,-0.014358,0.187295,-0.000031,0.000162,0.001427,-0.000036,0.000177,0.001259,-0.000053,0.000076,0.001369,-0.000052,0.000111,0.001511
90,-0.000003,0.000165,0.001167,0.000064,0.000055,0.000168,-0.000009,-0.000779,0.014651,0.000129,0.003914,0.050059,-0.000037,0.000149,0.001355,-0.000022,0.000087,0.001056,-0.000006,0.000144,0.001317,0.000059,0.000242,0.001188,0.000032,0.000113,0.001381,0.000072,0.000254,0.000983,-0.00001,0.000152,0.001167,-0.000092,0.00018,0.001332,0.000011,0.000151,0.001006,-0.000094,0.000168,0.001186,-0.000095,0.000082,0.001282,0.0001,0.000207,0.000825,0.000038,0.000221,0.00109,-0.000061,0.000298,0.001183,-0.000001,0.000265,0.00137,-0.000035,0.000269,0.001314,-0.000074,0.00028,0.001074,-0.000099,0.000165,0.001539,-0.000033,0.000324,0.001151,-0.000007,0.000242,0.001353,0.000075,0.000294,0.001335,-0.000015,0.000105,0.00147,0.000408,-0.014377,0.188577,-0.000047,0.000333,0.000985,-0.00005,0.000367,0.001034,-0.000096,0.000216,0.001354,-0.000094,0.000307,0.001381
91,0.000053,0.000317,0.000464,0.000119,0.000093,0.000363,-0.00002,-0.000567,0.01404,0.000146,0.003982,0.050607,0.000024,0.000321,0.000434,0.000001,0.000231,-0.000078,0.000052,0.000312,0.000851,0.00023,0.00049,0.000429,0.00009,0.000227,0.001025,0.000164,0.000453,0.0004,0.000025,0.000305,0.000394,-0.000111,0.000323,0.000709,0.000041,0.000264,0.000268,-0.000114,0.000283,0.000567,-0.00009,0.000165,0.000823,0.000253,0.000328,-0.000291,0.000123,0.000424,0.000495,-0.000055,0.00059,0.000762,0.000003,0.000507,0.000844,-0.000049,0.000507,0.000799,-0.000118,0.00056,0.000703,-0.00019,0.000355,0.000861,0.000013,0.000572,0.000094,0.000012,0.000446,0.000068,0.00013,0.000513,0.000667,-0.000023,0.00022,0.000924,0.000403,-0.014397,0.189863,-0.000061,0.000556,-0.000396,-0.000057,0.000616,0.000127,-0.000146,0.000423,0.000733,-0.000143,0.000593,0.000515
92,0.000151,0.000506,-0.001253,0.000192,0.000148,0.000712,-0.000022,-0.000309,0.012409,0.000176,0.004063,0.051454,0.000145,0.000553,-0.001737,0.000051,0.00044,-0.002504,0.000155,0.000537,-0.000522,0.000497,0.000812,-0.001367,0.000177,0.000372,-0.000219,0.000291,0.000684,-0.001015,0.000089,0.000501,-0.001467,-0.000104,0.000489,-0.000942,0.000088,0.000392,-0.001459,-0.000107,0.000408,-0.001004,-0.000042,0.000271,-0.000499,0.000472,0.000446,-0.002565,0.000253,0.000676,-0.000987,-0.00002,0.000964,-0.000447,0.000009,0.000805,-0.00069,-0.000058,0.000797,-0.000666,-0.000162,0.000919,-0.000395,-0.000304,0.000607,-0.001002,0.000106,0.000854,-0.002238,0.000046,0.00069,-0.002737,0.000192,0.000764,-0.001037,-0.00003,0.000372,-0.000691,0.000398,-0.014416,0.191153,-0.000063,0.000793,-0.003194,-0.000049,0.000889,-0.00185,-0.00019,0.000684,-0.000923,-0.000188,0.000953,-0.001554
93,0.000297,0.000693,-0.004401,0.000272,0.000218,0.001207,-0.000004,-0.000066,0.009333,0.000213,0.004141,0.052728,0.000343,0.000811,-0.005652,0.000137,0.000697,-0.006645,0.00031,0.000788,-0.003249,0.000856,0.001154,-0.004613,0.000286,0.00052,-0.002836,0.000438,0.000887,-0.003607,0.000189,0.000702,-0.004854,-0.000043,0.000633,-0.004083,0.000151,0.000493,-0.004558,-0.000045,0.000501,-0.00394,0.000078,0.000383,-0.003104,0.000739,0.000506,-0.006341,0.000423,0.000928,-0.003731,0.000064,0.001357,-0.002826,0.000019,0.001087,-0.003725,-0.000051,0.001072,-0.003537,-0.000185,0.001292,-0.002579,-0.000415,0.000882,-0.004606,0.000262,0.001085,-0.006297,0.000099,0.000912,-0.007589,0.000245,0.000976,-0.004227,-0.00003,0.000533,-0.003902,0.000392,-0.014435,0.192448,-0.000041,0.000958,-0.007824,-0.000012,0.001097,-0.005273,-0.000203,0.000949,-0.004085,-0.000204,0.001316,-0.005312
94,0.000481,0.000792,-0.009259,0.000338,0.000298,0.001798,0.000049,0.00004,0.00453,0.000245,0.00418,0.054518,0.000619,0.001012,-0.011614,0.000261,0.000944,-0.012662,0.000507,0.000984,-0.007702,0.001259,0.001398,-0.009581,0.000394,0.000606,-0.007258,0.000565,0.000943,-0.007609,0.00032,0.000823,-0.010035,0.000105,0.000668,-0.009065,0.00022,0.000491,-0.009247,0.000106,0.000484,-0.008538,0.0003,0.000461,-0.007341,0.00099,0.000413,-0.011706,0.000606,0.001069,-0.008004,0.000214,0.001624,-0.006693,0.000032,0.001208,-0.008654,-0.000014,0.001194,-0.008177,-0.000154,0.001535,-0.00615,-0.000469,0.001084,-0.010369,0.000483,0.001102,-0.012288,0.000171,0.000989,-0.014725,0.000253,0.001017,-0.009236,-0.000018,0.000642,-0.009136,0.000387,-0.014454,0.193747,0.000025,0.000896,-0.01438,0.000071,0.001082,-0.010337,-0.00014,0.001104,-0.009108,-0.000152,0.001531,-0.011078
95,0.000668,0.000662,-0.015676,0.000365,0.00038,0.002348,0.000156,-0.000198,-0.001858,0.000259,0.004122,0.056777,0.000944,0.001004,-0.019385,0.000415,0.001059,-0.020062,0.000711,0.000978,-0.013929,0.001588,0.001328,-0.016122,0.000449,0.000517,-0.013607,0.000596,0.000661,-0.012916,0.000461,0.000714,-0.016784,0.00038,0.000452,-0.015835,0.00027,0.000266,-0.015281,0.000385,0.00024,-0.014718,0.000647,0.000431,-0.013269,0.0011,0.000035,-0.018149,0.000739,0.000917,-0.013725,0.000443,0.001516,-0.012109,0.000046,0.000922,-0.015473,0.000072,0.000932,-0.014597,-0.000023,0.001396,-0.011158,-0.000375,0.001034,-0.018235,0.000746,0.000647,-0.0198,0.000251,0.000722,-0.023648,0.000164,0.000676,-0.01601,0.000017,0.000587,-0.0164,0.000381,-0.014473,0.195051,0.000156,0.000372,-0.022222,0.000219,0.000601,-0.016774,0.000054,0.000957,-0.015951,0.000025,0.001338,-0.018679
96,0.00078,0.000094,-0.02265,0.000378,0.000471,0.002639,0.000329,-0.001071,-0.008825,0.000288,0.003892,0.059192,0.001231,0.000549,-0.027661,0.000562,0.000836,-0.027163,0.000841,0.000538,-0.021262,0.001618,0.00062,-0.023258,0.000365,0.000088,-0.02127,0.000408,-0.000223,-0.018756,0.00056,0.000156,-0.023904,0.000805,-0.00021,-0.023507,0.000257,-0.000343,-0.021522,0.000817,-0.000388,-0.02163,0.001114,0.000188,-0.020301,0.000858,-0.000795,-0.024109,0.000708,0.000202,-0.020103,0.000746,0.000656,-0.018557,0.000056,-0.000123,-0.023312,0.000225,-0.000045,-0.022032,0.000268,0.000497,-0.017088,-0.000001,0.000459,-0.027131,0.000985,-0.000626,-0.027259,0.000313,-0.000175,-0.0325,-0.000093,-0.000334,-0.02369,0.000085,0.0002,-0.024788,0.000375,-0.014491,0.196359,0.000369,-0.000917,-0.029417,0.000442,-0.000671,-0.023447,0.00045,0.000224,-0.023726,0.000392,0.000357,-0.026961
97,0.000684,-0.001169,-0.027778,0.000616,0.000635,0.0026,0.000573,-0.00293,-0.013957,0.000482,0.00342,0.061027,0.001314,-0.000668,-0.033421,0.000632,-0.00002,-0.03045,0.000752,-0.000643,-0.027779,0.001002,-0.001146,-0.028657,0.000014,-0.000889,-0.028307,-0.000167,-0.002016,-0.023245,0.000524,-0.001128,-0.028619,0.001369,-0.001542,-0.029775,0.000114,-0.001515,-0.025398,0.001391,-0.001567,-0.027134,0.001638,-0.00041,-0.026725,-0.000037,-0.002235,-0.026432,0.00034,-0.001413,-0.025168,0.001077,-0.001441,-0.02451,0.000051,-0.002349,-0.029802,0.000458,-0.002136,-0.02838,0.000777,-0.001646,-0.022445,0.000813,-0.000998,-0.034256,0.001063,-0.003108,-0.03128,0.00031,-0.002034,-0.0373,-0.000603,-0.002343,-0.030065,0.000196,-0.000737,-0.031804,0.00037,-0.01451,0.197671,0.000667,-0.003292,-0.032086,0.000729,-0.003087,-0.027843,0.001105,-0.00145,-0.030123,0.001009,-0.001891,-0.033177
98,0.00018,-0.003375,-0.026693,0.001295,0.001012,0.003607,0.000861,-0.006104,-0.012853,0.000961,0.00274,0.06106,0.00092,-0.002996,-0.031257,0.0005,-0.001866,-0.024007,0.000235,-0.002903,-0.029702,-0.00073,-0.004423,-0.028091,-0.000757,-0.002618,-0.03077,-0.001324,-0.004988,-0.022938,0.000208,-0.003414,-0.02598,0.001986,-0.003737,-0.030294,-0.00025,-0.003381,-0.022385,0.002023,-0.003419,-0.02725,0.002063,-0.001509,-0.02915,-0.001947,-0.00436,-0.019916,-0.000591,-0.00426,-0.025273,0.001331,-0.005287,-0.026937,0.000018,-0.00614,-0.030389,0.00076,-0.005711,-0.029587,0.001534,-0.005531,-0.024263,0.002217,-0.00372,-0.034318,0.000759,-0.007102,-0.026057,0.000165,-0.005154,-0.03123,-0.001433,-0.005633,-0.030981,0.000349,-0.002447,-0.032629,0.000364,-0.014528,0.198988,0.001018,-0.006968,-0.023852,0.001036,-0.006928,-0.025584,0.002033,-0.004421,-0.030766,0.001898,-0.005887,-0.032329
99,-0.000979,-0.006652,-0.012706,0.002428,0.001738,0.008047,0.001117,-0.010725,0.001244,0.001739,0.002304,0.057818,-0.000329,-0.006701,-0.012985,-0.000007,-0.005036,0.000659,-0.000981,-0.006503,-0.020903,-0.004109,-0.009536,-0.015066,-0.002096,-0.0052,-0.022123,-0.003231,-0.009213,-0.012519,-0.000573,-0.006849,-0.008526,0.00245,-0.006831,-0.018214,-0.000927,-0.005917,-0.005738,0.002507,-0.005918,-0.015765,0.002101,-0.003214,-0.022045,-0.00521,-0.007032,0.00278,-0.002327,-0.008527,-0.014739,0.001316,-0.011244,-0.020881,-0.000062,-0.011618,-0.017819,0.001075,-0.010915,-0.019158,0.002495,-0.011477,-0.017713,0.004272,-0.007964,-0.018986,-0.000238,-0.012596,-0.003123,-0.00022,-0.00962,-0.004362,-0.002597,-0.010264,-0.019895,0.000525,-0.005066,-0.019555,0.000358,-0.014546,0.200309,0.00133,-0.011842,0.004256,0.001255,-0.012188,-0.010152,0.003144,-0.008888,-0.018748,0.002989,-0.011917,-0.016757
100,-0.003044,-0.010807,0.022952,0.003963,0.002889,0.016318,0.001195,-0.016448,0.037205,0.002782,0.003054,0.050837,-0.002873,-0.011753,0.031987,-0.001104,-0.009663,0.053834,-0.00317,-0.011417,0.007136,-0.009572,-0.016405,0.018993,-0.004065,-0.008468,0.006844,-0.005929,-0.014317,0.015066,-0.002014,-0.011235,0.03329,0.002379,-0.010515,0.015713,-0.001984,-0.008768,0.033067,0.002465,-0.008728,0.015648,0.001297,-0.005489,0.002351,-0.00996,-0.009719,0.050406,-0.005046,-0.014013,0.014035,0.000737,-0.019196,0.000645,-0.00021,-0.018286,0.017755,0.001283,-0.017345,0.011808,0.003482,-0.019284,0.003957,0.006819,-0.013609,0.022932,-0.002293,-0.018891,0.047983,-0.000955,-0.015027,0.055589,-0.003981,-0.0158,0.012071,0.000668,-0.008476,0.017909,0.000352,-0.014564,0.201635,0.001421,-0.017172,0.062885,0.001198,-0.018274,0.026792,0.004167,-0.01463,0.015279,0.004046,-0.019725,0.023638
101,-0.006162,-0.015052,0.089709,0.005703,0.004476,0.028305,0.000853,-0.022066,0.104595,0.003959,0.004706,0.045284,-0.007099,-0.017524,0.114837,-0.002992,-0.015404,0.145127,-0.006504,-0.017021,0.064373,-0.01717,-0.02413,0.083495,-0.006518,-0.011754,0.066993,-0.009174,-0.019132,0.067584,-0.004242,-0.01573,0.10928,0.001194,-0.013877,0.081885,-0.003393,-0.01103,0.102603,0.001316,-0.011004,0.07627,-0.000957,-0.008019,0.05329,-0.01585,-0.011281,0.130952,-0.008713,-0.019776,0.069534,-0.000799,-0.028081,0.046028,-0.000437,-0.024527,0.087354,0.001166,-0.023596,0.073493,0.0041,-0.027721,0.048722,0.009291,-0.01976,0.103811,-0.005726,-0.024134,0.137396,-0.002122,-0.020104,0.160587,-0.005257,-0.020945,0.075028,0.000674,-0.012065,0.091566,0.000346,-0.014582,0.202965,0.000994,-0.021182,0.16167,0.000576,-0.023589,0.093993,0.004557,-0.020613,0.081852,0.004584,-0.02802,0.099868
